{"summaries":[{"symbol":{"__symbol":0},"metadata":{"__symbol":1}},{"symbol":{"__symbol":2},"metadata":{"__symbol":3}},{"symbol":{"__symbol":4},"metadata":{"__symbol":5}},{"symbol":{"__symbol":6},"metadata":{"__symbol":7}},{"symbol":{"__symbol":8},"metadata":{"__symbol":9}},{"symbol":{"__symbol":10},"metadata":{"__symbol":11}},{"symbol":{"__symbol":12},"metadata":{"__symbol":13}},{"symbol":{"__symbol":14},"metadata":{"__symbol":15}},{"symbol":{"__symbol":16},"metadata":{"__symbol":17}},{"symbol":{"__symbol":18},"metadata":{"__symbol":19}},{"symbol":{"__symbol":20},"metadata":{"__symbol":21}},{"symbol":{"__symbol":22},"metadata":{"__symbol":23}},{"symbol":{"__symbol":24},"metadata":{"__symbol":25}},{"symbol":{"__symbol":26},"metadata":{"__symbol":27}},{"symbol":{"__symbol":28},"metadata":{"__symbol":29}},{"symbol":{"__symbol":30},"metadata":{"__symbol":31}},{"symbol":{"__symbol":32},"metadata":{"__symbol":33}},{"symbol":{"__symbol":34},"metadata":{"__symbol":35}}],"symbols":[{"__symbol":0,"name":"DatatableComponent","filePath":"D:/dev/ngx-datatable/build/components/index.d.ts"},{"__symbol":1,"name":"DatatableComponent","filePath":"D:/dev/ngx-datatable/build/components/datatable.component.d.ts"},{"__symbol":2,"name":"DataTableHeaderComponent","filePath":"D:/dev/ngx-datatable/build/components/index.d.ts"},{"__symbol":3,"name":"DataTableHeaderComponent","filePath":"D:/dev/ngx-datatable/build/components/header/index.d.ts"},{"__symbol":4,"name":"DataTableHeaderCellComponent","filePath":"D:/dev/ngx-datatable/build/components/index.d.ts"},{"__symbol":5,"name":"DataTableHeaderCellComponent","filePath":"D:/dev/ngx-datatable/build/components/header/index.d.ts"},{"__symbol":6,"name":"DataTableHeaderCellFilterComponent","filePath":"D:/dev/ngx-datatable/build/components/index.d.ts"},{"__symbol":7,"name":"DataTableHeaderCellFilterComponent","filePath":"D:/dev/ngx-datatable/build/components/header/index.d.ts"},{"__symbol":8,"name":"DataTableBodyComponent","filePath":"D:/dev/ngx-datatable/build/components/index.d.ts"},{"__symbol":9,"name":"DataTableBodyComponent","filePath":"D:/dev/ngx-datatable/build/components/body/index.d.ts"},{"__symbol":10,"name":"DataTableBodyCellComponent","filePath":"D:/dev/ngx-datatable/build/components/index.d.ts"},{"__symbol":11,"name":"DataTableBodyCellComponent","filePath":"D:/dev/ngx-datatable/build/components/body/index.d.ts"},{"__symbol":12,"name":"DataTableBodyRowComponent","filePath":"D:/dev/ngx-datatable/build/components/index.d.ts"},{"__symbol":13,"name":"DataTableBodyRowComponent","filePath":"D:/dev/ngx-datatable/build/components/body/index.d.ts"},{"__symbol":14,"name":"ProgressBarComponent","filePath":"D:/dev/ngx-datatable/build/components/index.d.ts"},{"__symbol":15,"name":"ProgressBarComponent","filePath":"D:/dev/ngx-datatable/build/components/body/index.d.ts"},{"__symbol":16,"name":"ScrollerComponent","filePath":"D:/dev/ngx-datatable/build/components/index.d.ts"},{"__symbol":17,"name":"ScrollerComponent","filePath":"D:/dev/ngx-datatable/build/components/body/index.d.ts"},{"__symbol":18,"name":"DataTableRowWrapperComponent","filePath":"D:/dev/ngx-datatable/build/components/index.d.ts"},{"__symbol":19,"name":"DataTableRowWrapperComponent","filePath":"D:/dev/ngx-datatable/build/components/body/index.d.ts"},{"__symbol":20,"name":"DataTableSelectionComponent","filePath":"D:/dev/ngx-datatable/build/components/index.d.ts"},{"__symbol":21,"name":"DataTableSelectionComponent","filePath":"D:/dev/ngx-datatable/build/components/body/index.d.ts"},{"__symbol":22,"name":"DataTableFooterComponent","filePath":"D:/dev/ngx-datatable/build/components/index.d.ts"},{"__symbol":23,"name":"DataTableFooterComponent","filePath":"D:/dev/ngx-datatable/build/components/footer/index.d.ts"},{"__symbol":24,"name":"DataTablePagerComponent","filePath":"D:/dev/ngx-datatable/build/components/index.d.ts"},{"__symbol":25,"name":"DataTablePagerComponent","filePath":"D:/dev/ngx-datatable/build/components/footer/index.d.ts"},{"__symbol":26,"name":"DataTableColumnDirective","filePath":"D:/dev/ngx-datatable/build/components/index.d.ts"},{"__symbol":27,"name":"DataTableColumnDirective","filePath":"D:/dev/ngx-datatable/build/components/columns/index.d.ts"},{"__symbol":28,"name":"DataTableColumnHeaderDirective","filePath":"D:/dev/ngx-datatable/build/components/index.d.ts"},{"__symbol":29,"name":"DataTableColumnHeaderDirective","filePath":"D:/dev/ngx-datatable/build/components/columns/index.d.ts"},{"__symbol":30,"name":"DataTableColumnCellDirective","filePath":"D:/dev/ngx-datatable/build/components/index.d.ts"},{"__symbol":31,"name":"DataTableColumnCellDirective","filePath":"D:/dev/ngx-datatable/build/components/columns/index.d.ts"},{"__symbol":32,"name":"DatatableRowDetailDirective","filePath":"D:/dev/ngx-datatable/build/components/index.d.ts"},{"__symbol":33,"name":"DatatableRowDetailDirective","filePath":"D:/dev/ngx-datatable/build/components/row-detail/index.d.ts"},{"__symbol":34,"name":"DatatableRowDetailTemplateDirective","filePath":"D:/dev/ngx-datatable/build/components/index.d.ts"},{"__symbol":35,"name":"DatatableRowDetailTemplateDirective","filePath":"D:/dev/ngx-datatable/build/components/row-detail/index.d.ts"}]}