{"summaries":[{"symbol":{"__symbol":0},"metadata":{"__symbolic":"class"},"type":{"summaryKind":2,"type":{"reference":{"__symbol":0},"diDeps":[],"lifecycleHooks":[]},"entryComponents":[],"providers":[{"provider":{"token":{"identifier":{"reference":{"__symbol":1}}},"useClass":{"reference":{"__symbol":2},"diDeps":[{"isAttribute":false,"isHost":false,"isSelf":false,"isSkipSelf":false,"isOptional":false,"token":{"identifier":{"reference":{"__symbol":3}}}}],"lifecycleHooks":[]},"useFactory":null,"useExisting":null,"deps":[{"isAttribute":false,"isHost":false,"isSelf":false,"isSkipSelf":false,"isOptional":false,"token":{"identifier":{"reference":{"__symbol":3}}}}],"multi":false},"module":{"reference":{"__symbol":4},"diDeps":[],"lifecycleHooks":[]}}],"modules":[{"reference":{"__symbol":4},"diDeps":[],"lifecycleHooks":[]},{"reference":{"__symbol":0},"diDeps":[],"lifecycleHooks":[]}],"exportedDirectives":[{"reference":{"__symbol":5}},{"reference":{"__symbol":6}},{"reference":{"__symbol":7}},{"reference":{"__symbol":8}},{"reference":{"__symbol":9}},{"reference":{"__symbol":10}}],"exportedPipes":[]}}],"symbols":[{"__symbol":0,"name":"NgxDatatableModule","filePath":"D:/dev/ngx-datatable/build/datatable.module.d.ts"},{"__symbol":1,"name":"NgLocalization","filePath":"D:/dev/ngx-datatable/node_modules/@angular/common/src/localization.d.ts"},{"__symbol":2,"name":"NgLocaleLocalization","filePath":"D:/dev/ngx-datatable/node_modules/@angular/common/src/localization.d.ts"},{"__symbol":3,"name":"LOCALE_ID","filePath":"D:/dev/ngx-datatable/node_modules/@angular/core/src/i18n/tokens.d.ts"},{"__symbol":4,"name":"CommonModule","filePath":"D:/dev/ngx-datatable/node_modules/@angular/common/src/common_module.d.ts"},{"__symbol":5,"name":"DatatableComponent","filePath":"D:/dev/ngx-datatable/build/components/datatable.component.d.ts"},{"__symbol":6,"name":"DatatableRowDetailDirective","filePath":"D:/dev/ngx-datatable/build/components/row-detail/row-detail.directive.d.ts"},{"__symbol":7,"name":"DatatableRowDetailTemplateDirective","filePath":"D:/dev/ngx-datatable/build/components/row-detail/row-detail-template.directive.d.ts"},{"__symbol":8,"name":"DataTableColumnDirective","filePath":"D:/dev/ngx-datatable/build/components/columns/column.directive.d.ts"},{"__symbol":9,"name":"DataTableColumnHeaderDirective","filePath":"D:/dev/ngx-datatable/build/components/columns/column-header.directive.d.ts"},{"__symbol":10,"name":"DataTableColumnCellDirective","filePath":"D:/dev/ngx-datatable/build/components/columns/column-cell.directive.d.ts"}]}