{"summaries":[{"symbol":{"__symbol":0},"metadata":{"__symbol":1}},{"symbol":{"__symbol":2},"metadata":{"__symbol":3}},{"symbol":{"__symbol":4},"metadata":{"__symbol":5}},{"symbol":{"__symbol":6},"metadata":{"__symbol":7}},{"symbol":{"__symbol":8},"metadata":{"__symbol":9}},{"symbol":{"__symbol":10},"metadata":{"__symbol":11}},{"symbol":{"__symbol":12},"metadata":{"__symbol":13}},{"symbol":{"__symbol":14},"metadata":{"__symbol":15}},{"symbol":{"__symbol":16},"metadata":{"__symbol":17}},{"symbol":{"__symbol":18},"metadata":{"__symbol":19}},{"symbol":{"__symbol":20},"metadata":{"__symbol":21}},{"symbol":{"__symbol":22},"metadata":{"__symbol":23}},{"symbol":{"__symbol":24},"metadata":{"__symbol":25}},{"symbol":{"__symbol":26},"metadata":{"__symbol":27}},{"symbol":{"__symbol":28},"metadata":{"__symbol":29}},{"symbol":{"__symbol":30},"metadata":{"__symbol":31}},{"symbol":{"__symbol":32},"metadata":{"__symbol":33}},{"symbol":{"__symbol":34},"metadata":{"__symbol":35}},{"symbol":{"__symbol":36},"metadata":{"__symbol":37}},{"symbol":{"__symbol":38},"metadata":{"__symbol":39}},{"symbol":{"__symbol":40},"metadata":{"__symbol":41}},{"symbol":{"__symbol":42},"metadata":{"__symbol":43}},{"symbol":{"__symbol":44},"metadata":{"__symbol":45}},{"symbol":{"__symbol":46},"metadata":{"__symbol":47}}],"symbols":[{"__symbol":0,"name":"NgxDatatableModule","filePath":"D:/dev/ngx-datatable/build/index.d.ts"},{"__symbol":1,"name":"NgxDatatableModule","filePath":"D:/dev/ngx-datatable/build/datatable.module.d.ts"},{"__symbol":2,"name":"ColumnMode","filePath":"D:/dev/ngx-datatable/build/index.d.ts"},{"__symbol":3,"name":"ColumnMode","filePath":"D:/dev/ngx-datatable/build/types/index.d.ts"},{"__symbol":4,"name":"SortType","filePath":"D:/dev/ngx-datatable/build/index.d.ts"},{"__symbol":5,"name":"SortType","filePath":"D:/dev/ngx-datatable/build/types/index.d.ts"},{"__symbol":6,"name":"SortDirection","filePath":"D:/dev/ngx-datatable/build/index.d.ts"},{"__symbol":7,"name":"SortDirection","filePath":"D:/dev/ngx-datatable/build/types/index.d.ts"},{"__symbol":8,"name":"SelectionType","filePath":"D:/dev/ngx-datatable/build/index.d.ts"},{"__symbol":9,"name":"SelectionType","filePath":"D:/dev/ngx-datatable/build/types/index.d.ts"},{"__symbol":10,"name":"ClickType","filePath":"D:/dev/ngx-datatable/build/index.d.ts"},{"__symbol":11,"name":"ClickType","filePath":"D:/dev/ngx-datatable/build/types/index.d.ts"},{"__symbol":12,"name":"DatatableComponent","filePath":"D:/dev/ngx-datatable/build/index.d.ts"},{"__symbol":13,"name":"DatatableComponent","filePath":"D:/dev/ngx-datatable/build/components/index.d.ts"},{"__symbol":14,"name":"DataTableHeaderComponent","filePath":"D:/dev/ngx-datatable/build/index.d.ts"},{"__symbol":15,"name":"DataTableHeaderComponent","filePath":"D:/dev/ngx-datatable/build/components/index.d.ts"},{"__symbol":16,"name":"DataTableHeaderCellComponent","filePath":"D:/dev/ngx-datatable/build/index.d.ts"},{"__symbol":17,"name":"DataTableHeaderCellComponent","filePath":"D:/dev/ngx-datatable/build/components/index.d.ts"},{"__symbol":18,"name":"DataTableHeaderCellFilterComponent","filePath":"D:/dev/ngx-datatable/build/index.d.ts"},{"__symbol":19,"name":"DataTableHeaderCellFilterComponent","filePath":"D:/dev/ngx-datatable/build/components/index.d.ts"},{"__symbol":20,"name":"DataTableBodyComponent","filePath":"D:/dev/ngx-datatable/build/index.d.ts"},{"__symbol":21,"name":"DataTableBodyComponent","filePath":"D:/dev/ngx-datatable/build/components/index.d.ts"},{"__symbol":22,"name":"DataTableBodyCellComponent","filePath":"D:/dev/ngx-datatable/build/index.d.ts"},{"__symbol":23,"name":"DataTableBodyCellComponent","filePath":"D:/dev/ngx-datatable/build/components/index.d.ts"},{"__symbol":24,"name":"DataTableBodyRowComponent","filePath":"D:/dev/ngx-datatable/build/index.d.ts"},{"__symbol":25,"name":"DataTableBodyRowComponent","filePath":"D:/dev/ngx-datatable/build/components/index.d.ts"},{"__symbol":26,"name":"ProgressBarComponent","filePath":"D:/dev/ngx-datatable/build/index.d.ts"},{"__symbol":27,"name":"ProgressBarComponent","filePath":"D:/dev/ngx-datatable/build/components/index.d.ts"},{"__symbol":28,"name":"ScrollerComponent","filePath":"D:/dev/ngx-datatable/build/index.d.ts"},{"__symbol":29,"name":"ScrollerComponent","filePath":"D:/dev/ngx-datatable/build/components/index.d.ts"},{"__symbol":30,"name":"DataTableRowWrapperComponent","filePath":"D:/dev/ngx-datatable/build/index.d.ts"},{"__symbol":31,"name":"DataTableRowWrapperComponent","filePath":"D:/dev/ngx-datatable/build/components/index.d.ts"},{"__symbol":32,"name":"DataTableSelectionComponent","filePath":"D:/dev/ngx-datatable/build/index.d.ts"},{"__symbol":33,"name":"DataTableSelectionComponent","filePath":"D:/dev/ngx-datatable/build/components/index.d.ts"},{"__symbol":34,"name":"DataTableFooterComponent","filePath":"D:/dev/ngx-datatable/build/index.d.ts"},{"__symbol":35,"name":"DataTableFooterComponent","filePath":"D:/dev/ngx-datatable/build/components/index.d.ts"},{"__symbol":36,"name":"DataTablePagerComponent","filePath":"D:/dev/ngx-datatable/build/index.d.ts"},{"__symbol":37,"name":"DataTablePagerComponent","filePath":"D:/dev/ngx-datatable/build/components/index.d.ts"},{"__symbol":38,"name":"DataTableColumnDirective","filePath":"D:/dev/ngx-datatable/build/index.d.ts"},{"__symbol":39,"name":"DataTableColumnDirective","filePath":"D:/dev/ngx-datatable/build/components/index.d.ts"},{"__symbol":40,"name":"DataTableColumnHeaderDirective","filePath":"D:/dev/ngx-datatable/build/index.d.ts"},{"__symbol":41,"name":"DataTableColumnHeaderDirective","filePath":"D:/dev/ngx-datatable/build/components/index.d.ts"},{"__symbol":42,"name":"DataTableColumnCellDirective","filePath":"D:/dev/ngx-datatable/build/index.d.ts"},{"__symbol":43,"name":"DataTableColumnCellDirective","filePath":"D:/dev/ngx-datatable/build/components/index.d.ts"},{"__symbol":44,"name":"DatatableRowDetailDirective","filePath":"D:/dev/ngx-datatable/build/index.d.ts"},{"__symbol":45,"name":"DatatableRowDetailDirective","filePath":"D:/dev/ngx-datatable/build/components/index.d.ts"},{"__symbol":46,"name":"DatatableRowDetailTemplateDirective","filePath":"D:/dev/ngx-datatable/build/index.d.ts"},{"__symbol":47,"name":"DatatableRowDetailTemplateDirective","filePath":"D:/dev/ngx-datatable/build/components/index.d.ts"}]}