[{"__symbolic":"module","version":3,"metadata":{"columnsByPin":{"__symbolic":"function"},"columnGroupWidths":{"__symbolic":"function","parameters":["groups","all"],"value":{"left":{"__symbolic":"call","expression":{"__symbolic":"reference","name":"columnTotalWidth"},"arguments":[{"__symbolic":"select","expression":{"__symbolic":"reference","name":"groups"},"member":"left"}]},"center":{"__symbolic":"call","expression":{"__symbolic":"reference","name":"columnTotalWidth"},"arguments":[{"__symbolic":"select","expression":{"__symbolic":"reference","name":"groups"},"member":"center"}]},"right":{"__symbolic":"call","expression":{"__symbolic":"reference","name":"columnTotalWidth"},"arguments":[{"__symbolic":"select","expression":{"__symbolic":"reference","name":"groups"},"member":"right"}]},"total":{"__symbolic":"call","expression":{"__symbolic":"reference","name":"columnTotalWidth"},"arguments":[{"__symbolic":"reference","name":"all"}]}}},"columnTotalWidth":{"__symbolic":"function"},"columnsTotalWidth":{"__symbolic":"function"},"columnsByPinArr":{"__symbolic":"function"}}},{"__symbolic":"module","version":1,"metadata":{"columnsByPin":{"__symbolic":"function"},"columnGroupWidths":{"__symbolic":"function","parameters":["groups","all"],"value":{"left":{"__symbolic":"call","expression":{"__symbolic":"reference","name":"columnTotalWidth"},"arguments":[{"__symbolic":"select","expression":{"__symbolic":"reference","name":"groups"},"member":"left"}]},"center":{"__symbolic":"call","expression":{"__symbolic":"reference","name":"columnTotalWidth"},"arguments":[{"__symbolic":"select","expression":{"__symbolic":"reference","name":"groups"},"member":"center"}]},"right":{"__symbolic":"call","expression":{"__symbolic":"reference","name":"columnTotalWidth"},"arguments":[{"__symbolic":"select","expression":{"__symbolic":"reference","name":"groups"},"member":"right"}]},"total":{"__symbolic":"call","expression":{"__symbolic":"reference","name":"columnTotalWidth"},"arguments":[{"__symbolic":"reference","name":"all"}]}}},"columnTotalWidth":{"__symbolic":"function"},"columnsTotalWidth":{"__symbolic":"function"},"columnsByPinArr":{"__symbolic":"function"}}}]