{"summaries":[{"symbol":{"__symbol":0},"metadata":{"__symbolic":"function"}},{"symbol":{"__symbol":1},"metadata":{"__symbolic":"function","parameters":["groups","all"],"value":{"left":{"__symbolic":"call","expression":{"__symbol":2},"arguments":[{"__symbolic":"select","expression":{"__symbolic":"reference","name":"groups"},"member":"left"}]},"center":{"__symbolic":"call","expression":{"__symbol":2},"arguments":[{"__symbolic":"select","expression":{"__symbolic":"reference","name":"groups"},"member":"center"}]},"right":{"__symbolic":"call","expression":{"__symbol":2},"arguments":[{"__symbolic":"select","expression":{"__symbolic":"reference","name":"groups"},"member":"right"}]},"total":{"__symbolic":"call","expression":{"__symbol":2},"arguments":[{"__symbolic":"reference","name":"all"}]}}}},{"symbol":{"__symbol":2},"metadata":{"__symbolic":"function"}},{"symbol":{"__symbol":3},"metadata":{"__symbolic":"function"}},{"symbol":{"__symbol":4},"metadata":{"__symbolic":"function"}}],"symbols":[{"__symbol":0,"name":"columnsByPin","filePath":"D:/dev/ngx-datatable/build/utils/column.d.ts"},{"__symbol":1,"name":"columnGroupWidths","filePath":"D:/dev/ngx-datatable/build/utils/column.d.ts"},{"__symbol":2,"name":"columnTotalWidth","filePath":"D:/dev/ngx-datatable/build/utils/column.d.ts"},{"__symbol":3,"name":"columnsTotalWidth","filePath":"D:/dev/ngx-datatable/build/utils/column.d.ts"},{"__symbol":4,"name":"columnsByPinArr","filePath":"D:/dev/ngx-datatable/build/utils/column.d.ts"}]}