[{"__symbolic":"module","version":3,"metadata":{"id":{"__symbolic":"function","parameters":[],"value":{"__symbolic":"call","expression":{"__symbolic":"select","expression":{"__symbolic":"binop","operator":"+","left":"0000","right":{"__symbolic":"call","expression":{"__symbolic":"select","expression":{"__symbolic":"binop","operator":"<<","left":{"__symbolic":"binop","operator":"*","left":{"__symbolic":"call","expression":{"__symbolic":"select","expression":{"__symbolic":"reference","name":"Math"},"member":"random"}},"right":{"__symbolic":"call","expression":{"__symbolic":"select","expression":{"__symbolic":"reference","name":"Math"},"member":"pow"},"arguments":[36,4]}},"right":0},"member":"toString"},"arguments":[36]}},"member":"slice"},"arguments":[-4]}}}},{"__symbolic":"module","version":1,"metadata":{"id":{"__symbolic":"function","parameters":[],"value":{"__symbolic":"call","expression":{"__symbolic":"select","expression":{"__symbolic":"binop","operator":"+","left":"0000","right":{"__symbolic":"call","expression":{"__symbolic":"select","expression":{"__symbolic":"binop","operator":"<<","left":{"__symbolic":"binop","operator":"*","left":{"__symbolic":"call","expression":{"__symbolic":"select","expression":{"__symbolic":"reference","name":"Math"},"member":"random"}},"right":{"__symbolic":"call","expression":{"__symbolic":"select","expression":{"__symbolic":"reference","name":"Math"},"member":"pow"},"arguments":[36,4]}},"right":0},"member":"toString"},"arguments":[36]}},"member":"slice"},"arguments":[-4]}}}}]