{"summaries":[{"symbol":{"__symbol":0},"metadata":{"__symbolic":"function","parameters":[],"value":{"__symbolic":"call","expression":{"__symbolic":"select","expression":{"__symbolic":"binop","operator":"+","left":"0000","right":{"__symbolic":"call","expression":{"__symbolic":"select","expression":{"__symbolic":"binop","operator":"<<","left":{"__symbolic":"binop","operator":"*","left":{"__symbolic":"call","expression":{"__symbolic":"select","expression":{"__symbol":1},"member":"random"}},"right":{"__symbolic":"call","expression":{"__symbolic":"select","expression":{"__symbol":1},"member":"pow"},"arguments":[36,4]}},"right":0},"member":"toString"},"arguments":[36]}},"member":"slice"},"arguments":[-4]}}}],"symbols":[{"__symbol":0,"name":"id","filePath":"D:/dev/ngx-datatable/build/utils/id.d.ts"},{"__symbol":1,"name":"Math","filePath":"D:/dev/ngx-datatable/build/utils/id.d.ts"}]}