[{"__symbolic":"module","version":3,"metadata":{},"exports":[{"from":"./id"},{"from":"./column"},{"from":"./deep-getter"},{"from":"./camel-case"},{"from":"./keys"},{"from":"./math"},{"from":"./prefixes"},{"from":"./scrollbar-width"},{"from":"./selection"},{"from":"./translate"},{"from":"./throttle"},{"from":"./sort"},{"from":"./row-height-cache"},{"from":"./column-helper"}]},{"__symbolic":"module","version":1,"metadata":{},"exports":[{"from":"./id"},{"from":"./column"},{"from":"./deep-getter"},{"from":"./camel-case"},{"from":"./keys"},{"from":"./math"},{"from":"./prefixes"},{"from":"./scrollbar-width"},{"from":"./selection"},{"from":"./translate"},{"from":"./throttle"},{"from":"./sort"},{"from":"./row-height-cache"},{"from":"./column-helper"}]}]