{"summaries":[{"symbol":{"__symbol":0},"metadata":{"__symbol":1}},{"symbol":{"__symbol":2},"metadata":{"__symbol":3}},{"symbol":{"__symbol":4},"metadata":{"__symbol":5}},{"symbol":{"__symbol":6},"metadata":{"__symbol":7}},{"symbol":{"__symbol":8},"metadata":{"__symbol":9}},{"symbol":{"__symbol":10},"metadata":{"__symbol":11}},{"symbol":{"__symbol":12},"metadata":{"__symbol":13}},{"symbol":{"__symbol":14},"metadata":{"__symbol":15}},{"symbol":{"__symbol":16},"metadata":{"__symbol":17}},{"symbol":{"__symbol":18},"metadata":{"__symbol":19}},{"symbol":{"__symbol":20},"metadata":{"__symbol":21}},{"symbol":{"__symbol":22},"metadata":{"__symbol":23}},{"symbol":{"__symbol":24},"metadata":{"__symbol":25}},{"symbol":{"__symbol":26},"metadata":{"__symbol":27}},{"symbol":{"__symbol":28},"metadata":{"__symbol":29}},{"symbol":{"__symbol":30},"metadata":{"__symbol":31}},{"symbol":{"__symbol":32},"metadata":{"__symbol":33}},{"symbol":{"__symbol":34},"metadata":{"__symbol":35}},{"symbol":{"__symbol":36},"metadata":{"__symbol":37}},{"symbol":{"__symbol":38},"metadata":{"__symbol":39}},{"symbol":{"__symbol":40},"metadata":{"__symbol":41}},{"symbol":{"__symbol":42},"metadata":{"__symbol":43}},{"symbol":{"__symbol":44},"metadata":{"__symbol":45}},{"symbol":{"__symbol":46},"metadata":{"__symbol":47}},{"symbol":{"__symbol":48},"metadata":{"__symbol":49}},{"symbol":{"__symbol":50},"metadata":{"__symbol":51}},{"symbol":{"__symbol":52},"metadata":{"__symbol":53}}],"symbols":[{"__symbol":0,"name":"id","filePath":"D:/dev/ngx-datatable/build/utils/index.d.ts"},{"__symbol":1,"name":"id","filePath":"D:/dev/ngx-datatable/build/utils/id.d.ts"},{"__symbol":2,"name":"columnsByPin","filePath":"D:/dev/ngx-datatable/build/utils/index.d.ts"},{"__symbol":3,"name":"columnsByPin","filePath":"D:/dev/ngx-datatable/build/utils/column.d.ts"},{"__symbol":4,"name":"columnGroupWidths","filePath":"D:/dev/ngx-datatable/build/utils/index.d.ts"},{"__symbol":5,"name":"columnGroupWidths","filePath":"D:/dev/ngx-datatable/build/utils/column.d.ts"},{"__symbol":6,"name":"columnTotalWidth","filePath":"D:/dev/ngx-datatable/build/utils/index.d.ts"},{"__symbol":7,"name":"columnTotalWidth","filePath":"D:/dev/ngx-datatable/build/utils/column.d.ts"},{"__symbol":8,"name":"columnsTotalWidth","filePath":"D:/dev/ngx-datatable/build/utils/index.d.ts"},{"__symbol":9,"name":"columnsTotalWidth","filePath":"D:/dev/ngx-datatable/build/utils/column.d.ts"},{"__symbol":10,"name":"columnsByPinArr","filePath":"D:/dev/ngx-datatable/build/utils/index.d.ts"},{"__symbol":11,"name":"columnsByPinArr","filePath":"D:/dev/ngx-datatable/build/utils/column.d.ts"},{"__symbol":12,"name":"deepValueGetter","filePath":"D:/dev/ngx-datatable/build/utils/index.d.ts"},{"__symbol":13,"name":"deepValueGetter","filePath":"D:/dev/ngx-datatable/build/utils/deep-getter.d.ts"},{"__symbol":14,"name":"camelCase","filePath":"D:/dev/ngx-datatable/build/utils/index.d.ts"},{"__symbol":15,"name":"camelCase","filePath":"D:/dev/ngx-datatable/build/utils/camel-case.d.ts"},{"__symbol":16,"name":"deCamelCase","filePath":"D:/dev/ngx-datatable/build/utils/index.d.ts"},{"__symbol":17,"name":"deCamelCase","filePath":"D:/dev/ngx-datatable/build/utils/camel-case.d.ts"},{"__symbol":18,"name":"Keys","filePath":"D:/dev/ngx-datatable/build/utils/index.d.ts"},{"__symbol":19,"name":"Keys","filePath":"D:/dev/ngx-datatable/build/utils/keys.d.ts"},{"__symbol":20,"name":"getTotalFlexGrow","filePath":"D:/dev/ngx-datatable/build/utils/index.d.ts"},{"__symbol":21,"name":"getTotalFlexGrow","filePath":"D:/dev/ngx-datatable/build/utils/math.d.ts"},{"__symbol":22,"name":"adjustColumnWidths","filePath":"D:/dev/ngx-datatable/build/utils/index.d.ts"},{"__symbol":23,"name":"adjustColumnWidths","filePath":"D:/dev/ngx-datatable/build/utils/math.d.ts"},{"__symbol":24,"name":"forceFillColumnWidths","filePath":"D:/dev/ngx-datatable/build/utils/index.d.ts"},{"__symbol":25,"name":"forceFillColumnWidths","filePath":"D:/dev/ngx-datatable/build/utils/math.d.ts"},{"__symbol":26,"name":"getVendorPrefixedName","filePath":"D:/dev/ngx-datatable/build/utils/index.d.ts"},{"__symbol":27,"name":"getVendorPrefixedName","filePath":"D:/dev/ngx-datatable/build/utils/prefixes.d.ts"},{"__symbol":28,"name":"getScrollBarWidth","filePath":"D:/dev/ngx-datatable/build/utils/index.d.ts"},{"__symbol":29,"name":"getScrollBarWidth","filePath":"D:/dev/ngx-datatable/build/utils/scrollbar-width.d.ts"},{"__symbol":30,"name":"scrollbarWidth","filePath":"D:/dev/ngx-datatable/build/utils/index.d.ts"},{"__symbol":31,"name":"scrollbarWidth","filePath":"D:/dev/ngx-datatable/build/utils/scrollbar-width.d.ts"},{"__symbol":32,"name":"selectRows","filePath":"D:/dev/ngx-datatable/build/utils/index.d.ts"},{"__symbol":33,"name":"selectRows","filePath":"D:/dev/ngx-datatable/build/utils/selection.d.ts"},{"__symbol":34,"name":"selectRowsBetween","filePath":"D:/dev/ngx-datatable/build/utils/index.d.ts"},{"__symbol":35,"name":"selectRowsBetween","filePath":"D:/dev/ngx-datatable/build/utils/selection.d.ts"},{"__symbol":36,"name":"translateXY","filePath":"D:/dev/ngx-datatable/build/utils/index.d.ts"},{"__symbol":37,"name":"translateXY","filePath":"D:/dev/ngx-datatable/build/utils/translate.d.ts"},{"__symbol":38,"name":"throttle","filePath":"D:/dev/ngx-datatable/build/utils/index.d.ts"},{"__symbol":39,"name":"throttle","filePath":"D:/dev/ngx-datatable/build/utils/throttle.d.ts"},{"__symbol":40,"name":"throttleable","filePath":"D:/dev/ngx-datatable/build/utils/index.d.ts"},{"__symbol":41,"name":"throttleable","filePath":"D:/dev/ngx-datatable/build/utils/throttle.d.ts"},{"__symbol":42,"name":"nextSortDir","filePath":"D:/dev/ngx-datatable/build/utils/index.d.ts"},{"__symbol":43,"name":"nextSortDir","filePath":"D:/dev/ngx-datatable/build/utils/sort.d.ts"},{"__symbol":44,"name":"orderByComparator","filePath":"D:/dev/ngx-datatable/build/utils/index.d.ts"},{"__symbol":45,"name":"orderByComparator","filePath":"D:/dev/ngx-datatable/build/utils/sort.d.ts"},{"__symbol":46,"name":"sortRows","filePath":"D:/dev/ngx-datatable/build/utils/index.d.ts"},{"__symbol":47,"name":"sortRows","filePath":"D:/dev/ngx-datatable/build/utils/sort.d.ts"},{"__symbol":48,"name":"RowHeightCache","filePath":"D:/dev/ngx-datatable/build/utils/index.d.ts"},{"__symbol":49,"name":"RowHeightCache","filePath":"D:/dev/ngx-datatable/build/utils/row-height-cache.d.ts"},{"__symbol":50,"name":"setColumnDefaults","filePath":"D:/dev/ngx-datatable/build/utils/index.d.ts"},{"__symbol":51,"name":"setColumnDefaults","filePath":"D:/dev/ngx-datatable/build/utils/column-helper.d.ts"},{"__symbol":52,"name":"translateTemplates","filePath":"D:/dev/ngx-datatable/build/utils/index.d.ts"},{"__symbol":53,"name":"translateTemplates","filePath":"D:/dev/ngx-datatable/build/utils/column-helper.d.ts"}]}