{"summaries":[{"symbol":{"__symbol":0},"metadata":{"__symbolic":"function"}},{"symbol":{"__symbol":1},"metadata":{"__symbolic":"function"}},{"symbol":{"__symbol":2},"metadata":{"__symbolic":"function"}}],"symbols":[{"__symbol":0,"name":"getTotalFlexGrow","filePath":"D:/dev/ngx-datatable/build/utils/math.d.ts"},{"__symbol":1,"name":"adjustColumnWidths","filePath":"D:/dev/ngx-datatable/build/utils/math.d.ts"},{"__symbol":2,"name":"forceFillColumnWidths","filePath":"D:/dev/ngx-datatable/build/utils/math.d.ts"}]}