[{"__symbolic":"module","version":3,"metadata":{"RowHeightCache":{"__symbolic":"class","members":{"clearCache":[{"__symbolic":"method"}],"initCache":[{"__symbolic":"method"}],"getRowIndex":[{"__symbolic":"method"}],"update":[{"__symbolic":"method"}],"query":[{"__symbolic":"method"}],"queryBetween":[{"__symbolic":"method"}],"calcRowIndex":[{"__symbolic":"method"}]}}}},{"__symbolic":"module","version":1,"metadata":{"RowHeightCache":{"__symbolic":"class","members":{"clearCache":[{"__symbolic":"method"}],"initCache":[{"__symbolic":"method"}],"getRowIndex":[{"__symbolic":"method"}],"update":[{"__symbolic":"method"}],"query":[{"__symbolic":"method"}],"queryBetween":[{"__symbolic":"method"}],"calcRowIndex":[{"__symbolic":"method"}]}}}}]