[{"__symbolic":"module","version":3,"metadata":{"throttle":{"__symbolic":"function"},"throttleable":{"__symbolic":"function","parameters":["duration","options"],"value":{"__symbolic":"error","message":"Function call not supported","line":61,"character":9}}}},{"__symbolic":"module","version":1,"metadata":{"throttle":{"__symbolic":"function"},"throttleable":{"__symbolic":"function","parameters":["duration","options"],"value":{"__symbolic":"error","message":"Function call not supported","line":61,"character":9}}}}]