[{"__symbolic":"module","version":3,"metadata":{"ClickType":{"single":{"__symbolic":"error","message":"Expression form not supported","line":1,"character":11},"double":{"__symbolic":"error","message":"Expression form not supported","line":2,"character":11}}}},{"__symbolic":"module","version":1,"metadata":{"ClickType":{"single":{"__symbolic":"error","message":"Expression form not supported","line":1,"character":11},"double":{"__symbolic":"error","message":"Expression form not supported","line":2,"character":11}}}}]