{"summaries":[{"symbol":{"__symbol":0},"metadata":{"__symbol":1}},{"symbol":{"__symbol":2},"metadata":{"__symbol":3}},{"symbol":{"__symbol":4},"metadata":{"__symbol":5}},{"symbol":{"__symbol":6},"metadata":{"__symbol":7}},{"symbol":{"__symbol":8},"metadata":{"__symbol":9}}],"symbols":[{"__symbol":0,"name":"ColumnMode","filePath":"D:/dev/ngx-datatable/build/types/index.d.ts"},{"__symbol":1,"name":"ColumnMode","filePath":"D:/dev/ngx-datatable/build/types/column-mode.type.d.ts"},{"__symbol":2,"name":"SortType","filePath":"D:/dev/ngx-datatable/build/types/index.d.ts"},{"__symbol":3,"name":"SortType","filePath":"D:/dev/ngx-datatable/build/types/sort.type.d.ts"},{"__symbol":4,"name":"SortDirection","filePath":"D:/dev/ngx-datatable/build/types/index.d.ts"},{"__symbol":5,"name":"SortDirection","filePath":"D:/dev/ngx-datatable/build/types/sort-direction.type.d.ts"},{"__symbol":6,"name":"SelectionType","filePath":"D:/dev/ngx-datatable/build/types/index.d.ts"},{"__symbol":7,"name":"SelectionType","filePath":"D:/dev/ngx-datatable/build/types/selection.type.d.ts"},{"__symbol":8,"name":"ClickType","filePath":"D:/dev/ngx-datatable/build/types/index.d.ts"},{"__symbol":9,"name":"ClickType","filePath":"D:/dev/ngx-datatable/build/types/click.type.d.ts"}]}