{"summaries":[{"symbol":{"__symbol":0},"metadata":{"single":{"__symbolic":"error","message":"Expression form not supported","line":1,"character":11},"multi":{"__symbolic":"error","message":"Expression form not supported","line":2,"character":10},"multiClick":{"__symbolic":"error","message":"Expression form not supported","line":3,"character":15},"cell":{"__symbolic":"error","message":"Expression form not supported","line":4,"character":9},"checkbox":{"__symbolic":"error","message":"Expression form not supported","line":5,"character":13}}}],"symbols":[{"__symbol":0,"name":"SelectionType","filePath":"D:/dev/ngx-datatable/build/types/selection.type.d.ts"}]}