{"summaries":[{"symbol":{"__symbol":0},"metadata":{"__symbolic":"class"},"type":{"summaryKind":1,"type":{"reference":{"__symbol":0},"diDeps":[{"isAttribute":false,"isHost":false,"isSelf":false,"isSkipSelf":false,"isOptional":false,"token":{"identifier":{"reference":{"__symbol":1}}}}],"lifecycleHooks":[]},"isComponent":false,"selector":"[ngx-datatable-header-template]","inputs":{},"outputs":{},"hostListeners":{},"hostProperties":{},"hostAttributes":{},"providers":[],"viewProviders":[],"queries":[],"entryComponents":[],"changeDetection":null,"template":null}}],"symbols":[{"__symbol":0,"name":"DataTableColumnHeaderDirective","filePath":"D:/dev/ngx-datatable/build/components/columns/column-header.directive.d.ts"},{"__symbol":1,"name":"TemplateRef","filePath":"D:/dev/ngx-datatable/node_modules/@angular/core/src/linker/template_ref.d.ts"}]}