{"summaries":[{"symbol":{"__symbol":0},"metadata":{"__symbolic":"class"},"type":{"summaryKind":1,"type":{"reference":{"__symbol":0},"diDeps":[],"lifecycleHooks":[]},"isComponent":false,"selector":"ngx-datatable-column","inputs":{"name":"name","prop":"prop","frozenLeft":"frozenLeft","frozenRight":"frozenRight","flexGrow":"flexGrow","resizeable":"resizeable","comparator":"comparator","pipe":"pipe","sortable":"sortable","draggable":"draggable","canAutoResize":"canAutoResize","minWidth":"minWidth","width":"width","maxWidth":"maxWidth","checkboxable":"checkboxable","headerCheckboxable":"headerCheckboxable","cellTemplate":"cellTemplate","headerTemplate":"headerTemplate"},"outputs":{},"hostListeners":{},"hostProperties":{},"hostAttributes":{},"providers":[],"viewProviders":[],"queries":[{"selectors":[{"identifier":{"reference":{"__symbol":1}}}],"first":true,"descendants":true,"propertyName":"cellTemplate","read":{"identifier":{"reference":{"__symbol":2}}}},{"selectors":[{"identifier":{"reference":{"__symbol":3}}}],"first":true,"descendants":true,"propertyName":"headerTemplate","read":{"identifier":{"reference":{"__symbol":2}}}}],"entryComponents":[],"changeDetection":null,"template":null}}],"symbols":[{"__symbol":0,"name":"DataTableColumnDirective","filePath":"D:/dev/ngx-datatable/build/components/columns/column.directive.d.ts"},{"__symbol":1,"name":"DataTableColumnCellDirective","filePath":"D:/dev/ngx-datatable/build/components/columns/column-cell.directive.d.ts"},{"__symbol":2,"name":"TemplateRef","filePath":"D:/dev/ngx-datatable/node_modules/@angular/core/src/linker/template_ref.d.ts"},{"__symbol":3,"name":"DataTableColumnHeaderDirective","filePath":"D:/dev/ngx-datatable/build/components/columns/column-header.directive.d.ts"}]}