{"summaries":[{"symbol":{"__symbol":0},"metadata":{"__symbol":1}},{"symbol":{"__symbol":2},"metadata":{"__symbol":3}},{"symbol":{"__symbol":4},"metadata":{"__symbol":5}}],"symbols":[{"__symbol":0,"name":"DataTableColumnDirective","filePath":"D:/dev/ngx-datatable/build/components/columns/index.d.ts"},{"__symbol":1,"name":"DataTableColumnDirective","filePath":"D:/dev/ngx-datatable/build/components/columns/column.directive.d.ts"},{"__symbol":2,"name":"DataTableColumnHeaderDirective","filePath":"D:/dev/ngx-datatable/build/components/columns/index.d.ts"},{"__symbol":3,"name":"DataTableColumnHeaderDirective","filePath":"D:/dev/ngx-datatable/build/components/columns/column-header.directive.d.ts"},{"__symbol":4,"name":"DataTableColumnCellDirective","filePath":"D:/dev/ngx-datatable/build/components/columns/index.d.ts"},{"__symbol":5,"name":"DataTableColumnCellDirective","filePath":"D:/dev/ngx-datatable/build/components/columns/column-cell.directive.d.ts"}]}