{"summaries":[{"symbol":{"__symbol":0},"metadata":{"__symbol":1}},{"symbol":{"__symbol":2},"metadata":{"__symbol":3}}],"symbols":[{"__symbol":0,"name":"DatatableRowDetailDirective","filePath":"D:/dev/ngx-datatable/build/components/row-detail/index.d.ts"},{"__symbol":1,"name":"DatatableRowDetailDirective","filePath":"D:/dev/ngx-datatable/build/components/row-detail/row-detail.directive.d.ts"},{"__symbol":2,"name":"DatatableRowDetailTemplateDirective","filePath":"D:/dev/ngx-datatable/build/components/row-detail/index.d.ts"},{"__symbol":3,"name":"DatatableRowDetailTemplateDirective","filePath":"D:/dev/ngx-datatable/build/components/row-detail/row-detail-template.directive.d.ts"}]}