[{"__symbolic":"module","version":3,"metadata":{"DatatableRowDetailDirective":{"__symbolic":"class","decorators":[{"__symbolic":"call","expression":{"__symbolic":"reference","module":"@angular/core","name":"Directive"},"arguments":[{"selector":"ngx-datatable-row-detail"}]}],"members":{"rowHeight":[{"__symbolic":"property","decorators":[{"__symbolic":"call","expression":{"__symbolic":"reference","module":"@angular/core","name":"Input"}}]}],"template":[{"__symbolic":"property","decorators":[{"__symbolic":"call","expression":{"__symbolic":"reference","module":"@angular/core","name":"Input"}},{"__symbolic":"call","expression":{"__symbolic":"reference","module":"@angular/core","name":"ContentChild"},"arguments":[{"__symbolic":"reference","module":"./row-detail-template.directive","name":"DatatableRowDetailTemplateDirective"},{"read":{"__symbolic":"reference","module":"@angular/core","name":"TemplateRef"}}]}]}],"toggle":[{"__symbolic":"property","decorators":[{"__symbolic":"call","expression":{"__symbolic":"reference","module":"@angular/core","name":"Output"}}]}],"toggleExpandRow":[{"__symbolic":"method"}],"expandAllRows":[{"__symbolic":"method"}],"collapseAllRows":[{"__symbolic":"method"}]}}}},{"__symbolic":"module","version":1,"metadata":{"DatatableRowDetailDirective":{"__symbolic":"class","decorators":[{"__symbolic":"call","expression":{"__symbolic":"reference","module":"@angular/core","name":"Directive"},"arguments":[{"selector":"ngx-datatable-row-detail"}]}],"members":{"rowHeight":[{"__symbolic":"property","decorators":[{"__symbolic":"call","expression":{"__symbolic":"reference","module":"@angular/core","name":"Input"}}]}],"template":[{"__symbolic":"property","decorators":[{"__symbolic":"call","expression":{"__symbolic":"reference","module":"@angular/core","name":"Input"}},{"__symbolic":"call","expression":{"__symbolic":"reference","module":"@angular/core","name":"ContentChild"},"arguments":[{"__symbolic":"reference","module":"./row-detail-template.directive","name":"DatatableRowDetailTemplateDirective"},{"read":{"__symbolic":"reference","module":"@angular/core","name":"TemplateRef"}}]}]}],"toggle":[{"__symbolic":"property","decorators":[{"__symbolic":"call","expression":{"__symbolic":"reference","module":"@angular/core","name":"Output"}}]}],"toggleExpandRow":[{"__symbolic":"method"}],"expandAllRows":[{"__symbolic":"method"}],"collapseAllRows":[{"__symbolic":"method"}]}}}}]