{"summaries":[{"symbol":{"__symbol":0},"metadata":{"__symbolic":"class"},"type":{"summaryKind":1,"type":{"reference":{"__symbol":0},"diDeps":[],"lifecycleHooks":[]},"isComponent":false,"selector":"ngx-datatable-row-detail","inputs":{"rowHeight":"rowHeight","template":"template"},"outputs":{"toggle":"toggle"},"hostListeners":{},"hostProperties":{},"hostAttributes":{},"providers":[],"viewProviders":[],"queries":[{"selectors":[{"identifier":{"reference":{"__symbol":1}}}],"first":true,"descendants":true,"propertyName":"template","read":{"identifier":{"reference":{"__symbol":2}}}}],"entryComponents":[],"changeDetection":null,"template":null}}],"symbols":[{"__symbol":0,"name":"DatatableRowDetailDirective","filePath":"D:/dev/ngx-datatable/build/components/row-detail/row-detail.directive.d.ts"},{"__symbol":1,"name":"DatatableRowDetailTemplateDirective","filePath":"D:/dev/ngx-datatable/build/components/row-detail/row-detail-template.directive.d.ts"},{"__symbol":2,"name":"TemplateRef","filePath":"D:/dev/ngx-datatable/node_modules/@angular/core/src/linker/template_ref.d.ts"}]}