{"summaries":[{"symbol":{"__symbol":0},"metadata":{"__symbol":1}},{"symbol":{"__symbol":2},"metadata":{"__symbol":3}},{"symbol":{"__symbol":4},"metadata":{"__symbol":5}},{"symbol":{"__symbol":6},"metadata":{"__symbol":7}},{"symbol":{"__symbol":8},"metadata":{"__symbol":9}}],"symbols":[{"__symbol":0,"name":"DraggableDirective","filePath":"D:/dev/ngx-datatable/build/directives/index.d.ts"},{"__symbol":1,"name":"DraggableDirective","filePath":"D:/dev/ngx-datatable/build/directives/draggable.directive.d.ts"},{"__symbol":2,"name":"LongPressDirective","filePath":"D:/dev/ngx-datatable/build/directives/index.d.ts"},{"__symbol":3,"name":"LongPressDirective","filePath":"D:/dev/ngx-datatable/build/directives/long-press.directive.d.ts"},{"__symbol":4,"name":"OrderableDirective","filePath":"D:/dev/ngx-datatable/build/directives/index.d.ts"},{"__symbol":5,"name":"OrderableDirective","filePath":"D:/dev/ngx-datatable/build/directives/orderable.directive.d.ts"},{"__symbol":6,"name":"ResizeableDirective","filePath":"D:/dev/ngx-datatable/build/directives/index.d.ts"},{"__symbol":7,"name":"ResizeableDirective","filePath":"D:/dev/ngx-datatable/build/directives/resizeable.directive.d.ts"},{"__symbol":8,"name":"VisibilityDirective","filePath":"D:/dev/ngx-datatable/build/directives/index.d.ts"},{"__symbol":9,"name":"VisibilityDirective","filePath":"D:/dev/ngx-datatable/build/directives/visibility.directive.d.ts"}]}