{"summaries":[{"symbol":{"__symbol":0},"metadata":{"__symbolic":"class"},"type":{"summaryKind":1,"type":{"reference":{"__symbol":0},"diDeps":[],"lifecycleHooks":[1]},"isComponent":false,"selector":"[long-press]","inputs":{"duration":"duration"},"outputs":{"longPress":"longPress","longPressing":"longPressing","longPressEnd":"longPressEnd"},"hostListeners":{"mousedown":"onMouseDown($event)"},"hostProperties":{"class.press":"press","class.longpress":"isLongPress"},"hostAttributes":{},"providers":[],"viewProviders":[],"queries":[],"entryComponents":[],"changeDetection":null,"template":null}}],"symbols":[{"__symbol":0,"name":"LongPressDirective","filePath":"D:/dev/ngx-datatable/build/directives/long-press.directive.d.ts"}]}