[{"__symbolic":"module","version":3,"metadata":{"OrderableDirective":{"__symbolic":"class","decorators":[{"__symbolic":"call","expression":{"__symbolic":"reference","module":"@angular/core","name":"Directive"},"arguments":[{"selector":"[orderable]"}]}],"members":{"reorder":[{"__symbolic":"property","decorators":[{"__symbolic":"call","expression":{"__symbolic":"reference","module":"@angular/core","name":"Output"}}]}],"draggables":[{"__symbolic":"property","decorators":[{"__symbolic":"call","expression":{"__symbolic":"reference","module":"@angular/core","name":"ContentChildren"},"arguments":[{"__symbolic":"reference","module":"./draggable.directive","name":"DraggableDirective"},{"descendants":true}]}]}],"__ctor__":[{"__symbolic":"constructor","parameters":[{"__symbolic":"reference","module":"@angular/core","name":"KeyValueDiffers"}]}],"ngAfterContentInit":[{"__symbolic":"method"}],"ngOnDestroy":[{"__symbolic":"method"}],"updateSubscriptions":[{"__symbolic":"method"}],"onDragStart":[{"__symbolic":"method"}],"onDragEnd":[{"__symbolic":"method"}],"createMapDiffs":[{"__symbolic":"method"}]}}}},{"__symbolic":"module","version":1,"metadata":{"OrderableDirective":{"__symbolic":"class","decorators":[{"__symbolic":"call","expression":{"__symbolic":"reference","module":"@angular/core","name":"Directive"},"arguments":[{"selector":"[orderable]"}]}],"members":{"reorder":[{"__symbolic":"property","decorators":[{"__symbolic":"call","expression":{"__symbolic":"reference","module":"@angular/core","name":"Output"}}]}],"draggables":[{"__symbolic":"property","decorators":[{"__symbolic":"call","expression":{"__symbolic":"reference","module":"@angular/core","name":"ContentChildren"},"arguments":[{"__symbolic":"reference","module":"./draggable.directive","name":"DraggableDirective"},{"descendants":true}]}]}],"__ctor__":[{"__symbolic":"constructor","parameters":[{"__symbolic":"reference","module":"@angular/core","name":"KeyValueDiffers"}]}],"ngAfterContentInit":[{"__symbolic":"method"}],"ngOnDestroy":[{"__symbolic":"method"}],"updateSubscriptions":[{"__symbolic":"method"}],"onDragStart":[{"__symbolic":"method"}],"onDragEnd":[{"__symbolic":"method"}],"createMapDiffs":[{"__symbolic":"method"}]}}}}]