{"summaries":[{"symbol":{"__symbol":0},"metadata":{"__symbolic":"class"},"type":{"summaryKind":1,"type":{"reference":{"__symbol":0},"diDeps":[{"isAttribute":false,"isHost":false,"isSelf":false,"isSkipSelf":false,"isOptional":false,"token":{"identifier":{"reference":{"__symbol":1}}}}],"lifecycleHooks":[1,4]},"isComponent":false,"selector":"[orderable]","inputs":{},"outputs":{"reorder":"reorder"},"hostListeners":{},"hostProperties":{},"hostAttributes":{},"providers":[],"viewProviders":[],"queries":[{"selectors":[{"identifier":{"reference":{"__symbol":2}}}],"first":false,"descendants":true,"propertyName":"draggables","read":null}],"entryComponents":[],"changeDetection":null,"template":null}}],"symbols":[{"__symbol":0,"name":"OrderableDirective","filePath":"D:/dev/ngx-datatable/build/directives/orderable.directive.d.ts"},{"__symbol":1,"name":"KeyValueDiffers","filePath":"D:/dev/ngx-datatable/node_modules/@angular/core/src/change_detection/differs/keyvalue_differs.d.ts"},{"__symbol":2,"name":"DraggableDirective","filePath":"D:/dev/ngx-datatable/build/directives/draggable.directive.d.ts"}]}