{"summaries":[{"symbol":{"__symbol":0},"metadata":{"__symbolic":"class"},"type":{"summaryKind":1,"type":{"reference":{"__symbol":0},"diDeps":[{"isAttribute":false,"isHost":false,"isSelf":false,"isSkipSelf":false,"isOptional":false,"token":{"identifier":{"reference":{"__symbol":1}}}}],"lifecycleHooks":[1,6]},"isComponent":false,"selector":"[resizeable]","inputs":{"resizeEnabled":"resizeEnabled","minWidth":"minWidth","maxWidth":"maxWidth"},"outputs":{"resize":"resize"},"hostListeners":{"mousedown":"onMousedown($event)"},"hostProperties":{"class.resizeable":"resizeEnabled"},"hostAttributes":{},"providers":[],"viewProviders":[],"queries":[],"entryComponents":[],"changeDetection":null,"template":null}}],"symbols":[{"__symbol":0,"name":"ResizeableDirective","filePath":"D:/dev/ngx-datatable/build/directives/resizeable.directive.d.ts"},{"__symbol":1,"name":"ElementRef","filePath":"D:/dev/ngx-datatable/node_modules/@angular/core/src/linker/element_ref.d.ts"}]}