{"summaries":[{"symbol":{"__symbol":0},"metadata":{"__symbolic":"class"},"type":{"summaryKind":1,"type":{"reference":{"__symbol":0},"diDeps":[{"isAttribute":false,"isHost":false,"isSelf":false,"isSkipSelf":false,"isOptional":false,"token":{"identifier":{"reference":{"__symbol":1}}}},{"isAttribute":false,"isHost":false,"isSelf":false,"isSkipSelf":false,"isOptional":false,"token":{"identifier":{"reference":{"__symbol":2}}}}],"lifecycleHooks":[0,1]},"isComponent":false,"selector":"[visibility-observer]","inputs":{},"outputs":{"visible":"visible"},"hostListeners":{},"hostProperties":{"class.visible":"isVisible"},"hostAttributes":{},"providers":[],"viewProviders":[],"queries":[],"entryComponents":[],"changeDetection":null,"template":null}}],"symbols":[{"__symbol":0,"name":"VisibilityDirective","filePath":"D:/dev/ngx-datatable/build/directives/visibility.directive.d.ts"},{"__symbol":1,"name":"ElementRef","filePath":"D:/dev/ngx-datatable/node_modules/@angular/core/src/linker/element_ref.d.ts"},{"__symbol":2,"name":"NgZone","filePath":"D:/dev/ngx-datatable/node_modules/@angular/core/src/zone/ng_zone.d.ts"}]}