{"summaries":[{"symbol":{"__symbol":0},"metadata":{"__symbolic":"class"},"type":{"summaryKind":1,"type":{"reference":{"__symbol":0},"diDeps":[],"lifecycleHooks":[]},"isComponent":true,"selector":"datatable-header-cell","inputs":{"sortType":"sortType","column":"column","sortAscendingIcon":"sortAscendingIcon","sortDescendingIcon":"sortDescendingIcon","allRowsSelected":"allRowsSelected","selectionType":"selectionType","headerHeight":"headerHeight","sorts":"sorts"},"outputs":{"sort":"sort","select":"select"},"hostListeners":{},"hostProperties":{"style.height.px":"headerHeight","class":"columnCssClasses","attr.title":"name","style.minWidth.px":"minWidth","style.maxWidth.px":"maxWidth","style.width.px":"width"},"hostAttributes":{},"providers":[],"viewProviders":[],"queries":[],"entryComponents":[],"changeDetection":1,"template":{"animations":[],"ngContentSelectors":[],"encapsulation":2}}}],"symbols":[{"__symbol":0,"name":"DataTableHeaderCellComponent","filePath":"D:/dev/ngx-datatable/build/components/header/header-cell.component.d.ts"}]}