[{"__symbolic":"module","version":3,"metadata":{"DataTableHeaderCellComponent":{"__symbolic":"class","decorators":[{"__symbolic":"call","expression":{"__symbolic":"reference","module":"@angular/core","name":"Component"},"arguments":[{"selector":"datatable-header-cell","template":"\n    <div>\n      <label\n        *ngIf=\"isCheckboxable\"\n        class=\"datatable-checkbox\">\n        <input\n          type=\"checkbox\"\n          [attr.checked]=\"allRowsSelected\"\n          (change)=\"select.emit(!allRowsSelected)\"\n        />\n      </label>\n      <span\n        *ngIf=\"!column.headerTemplate\"\n        class=\"datatable-header-cell-wrapper\">\n        <span\n          class=\"datatable-header-cell-label draggable\"\n          (click)=\"onSort()\"\n          [innerHTML]=\"name\">\n        </span>\n      </span>\n      <template\n        *ngIf=\"column.headerTemplate\"\n        [ngTemplateOutlet]=\"column.headerTemplate\"\n        [ngOutletContext]=\"{\n          column: column,\n          sortDir: sortDir,\n          sortFn: sortFn\n        }\">\n      </template>\n      <span\n        (click)=\"onSort()\"\n        [class]=\"sortClass\">\n      </span>\n    </div>\n  "}]}],"members":{"sortType":[{"__symbolic":"property","decorators":[{"__symbolic":"call","expression":{"__symbolic":"reference","module":"@angular/core","name":"Input"}}]}],"column":[{"__symbolic":"property","decorators":[{"__symbolic":"call","expression":{"__symbolic":"reference","module":"@angular/core","name":"Input"}}]}],"sortAscendingIcon":[{"__symbolic":"property","decorators":[{"__symbolic":"call","expression":{"__symbolic":"reference","module":"@angular/core","name":"Input"}}]}],"sortDescendingIcon":[{"__symbolic":"property","decorators":[{"__symbolic":"call","expression":{"__symbolic":"reference","module":"@angular/core","name":"Input"}}]}],"allRowsSelected":[{"__symbolic":"property","decorators":[{"__symbolic":"call","expression":{"__symbolic":"reference","module":"@angular/core","name":"Input"}}]}],"selectionType":[{"__symbolic":"property","decorators":[{"__symbolic":"call","expression":{"__symbolic":"reference","module":"@angular/core","name":"Input"}}]}],"headerHeight":[{"__symbolic":"property","decorators":[{"__symbolic":"call","expression":{"__symbolic":"reference","module":"@angular/core","name":"HostBinding"},"arguments":["style.height.px"]},{"__symbolic":"call","expression":{"__symbolic":"reference","module":"@angular/core","name":"Input"}}]}],"sorts":[{"__symbolic":"property","decorators":[{"__symbolic":"call","expression":{"__symbolic":"reference","module":"@angular/core","name":"Input"}}]}],"sort":[{"__symbolic":"property","decorators":[{"__symbolic":"call","expression":{"__symbolic":"reference","module":"@angular/core","name":"Output"}}]}],"select":[{"__symbolic":"property","decorators":[{"__symbolic":"call","expression":{"__symbolic":"reference","module":"@angular/core","name":"Output"}}]}],"columnCssClasses":[{"__symbolic":"property","decorators":[{"__symbolic":"call","expression":{"__symbolic":"reference","module":"@angular/core","name":"HostBinding"},"arguments":["class"]}]}],"name":[{"__symbolic":"property","decorators":[{"__symbolic":"call","expression":{"__symbolic":"reference","module":"@angular/core","name":"HostBinding"},"arguments":["attr.title"]}]}],"minWidth":[{"__symbolic":"property","decorators":[{"__symbolic":"call","expression":{"__symbolic":"reference","module":"@angular/core","name":"HostBinding"},"arguments":["style.minWidth.px"]}]}],"maxWidth":[{"__symbolic":"property","decorators":[{"__symbolic":"call","expression":{"__symbolic":"reference","module":"@angular/core","name":"HostBinding"},"arguments":["style.maxWidth.px"]}]}],"width":[{"__symbolic":"property","decorators":[{"__symbolic":"call","expression":{"__symbolic":"reference","module":"@angular/core","name":"HostBinding"},"arguments":["style.width.px"]}]}],"calcSortDir":[{"__symbolic":"method"}],"onSort":[{"__symbolic":"method"}],"calcSortClass":[{"__symbolic":"method"}]}}}},{"__symbolic":"module","version":1,"metadata":{"DataTableHeaderCellComponent":{"__symbolic":"class","decorators":[{"__symbolic":"call","expression":{"__symbolic":"reference","module":"@angular/core","name":"Component"},"arguments":[{"selector":"datatable-header-cell","template":"\n    <div>\n      <label\n        *ngIf=\"isCheckboxable\"\n        class=\"datatable-checkbox\">\n        <input\n          type=\"checkbox\"\n          [attr.checked]=\"allRowsSelected\"\n          (change)=\"select.emit(!allRowsSelected)\"\n        />\n      </label>\n      <span\n        *ngIf=\"!column.headerTemplate\"\n        class=\"datatable-header-cell-wrapper\">\n        <span\n          class=\"datatable-header-cell-label draggable\"\n          (click)=\"onSort()\"\n          [innerHTML]=\"name\">\n        </span>\n      </span>\n      <template\n        *ngIf=\"column.headerTemplate\"\n        [ngTemplateOutlet]=\"column.headerTemplate\"\n        [ngOutletContext]=\"{\n          column: column,\n          sortDir: sortDir,\n          sortFn: sortFn\n        }\">\n      </template>\n      <span\n        (click)=\"onSort()\"\n        [class]=\"sortClass\">\n      </span>\n    </div>\n  "}]}],"members":{"sortType":[{"__symbolic":"property","decorators":[{"__symbolic":"call","expression":{"__symbolic":"reference","module":"@angular/core","name":"Input"}}]}],"column":[{"__symbolic":"property","decorators":[{"__symbolic":"call","expression":{"__symbolic":"reference","module":"@angular/core","name":"Input"}}]}],"sortAscendingIcon":[{"__symbolic":"property","decorators":[{"__symbolic":"call","expression":{"__symbolic":"reference","module":"@angular/core","name":"Input"}}]}],"sortDescendingIcon":[{"__symbolic":"property","decorators":[{"__symbolic":"call","expression":{"__symbolic":"reference","module":"@angular/core","name":"Input"}}]}],"allRowsSelected":[{"__symbolic":"property","decorators":[{"__symbolic":"call","expression":{"__symbolic":"reference","module":"@angular/core","name":"Input"}}]}],"selectionType":[{"__symbolic":"property","decorators":[{"__symbolic":"call","expression":{"__symbolic":"reference","module":"@angular/core","name":"Input"}}]}],"headerHeight":[{"__symbolic":"property","decorators":[{"__symbolic":"call","expression":{"__symbolic":"reference","module":"@angular/core","name":"HostBinding"},"arguments":["style.height.px"]},{"__symbolic":"call","expression":{"__symbolic":"reference","module":"@angular/core","name":"Input"}}]}],"sorts":[{"__symbolic":"property","decorators":[{"__symbolic":"call","expression":{"__symbolic":"reference","module":"@angular/core","name":"Input"}}]}],"sort":[{"__symbolic":"property","decorators":[{"__symbolic":"call","expression":{"__symbolic":"reference","module":"@angular/core","name":"Output"}}]}],"select":[{"__symbolic":"property","decorators":[{"__symbolic":"call","expression":{"__symbolic":"reference","module":"@angular/core","name":"Output"}}]}],"columnCssClasses":[{"__symbolic":"property","decorators":[{"__symbolic":"call","expression":{"__symbolic":"reference","module":"@angular/core","name":"HostBinding"},"arguments":["class"]}]}],"name":[{"__symbolic":"property","decorators":[{"__symbolic":"call","expression":{"__symbolic":"reference","module":"@angular/core","name":"HostBinding"},"arguments":["attr.title"]}]}],"minWidth":[{"__symbolic":"property","decorators":[{"__symbolic":"call","expression":{"__symbolic":"reference","module":"@angular/core","name":"HostBinding"},"arguments":["style.minWidth.px"]}]}],"maxWidth":[{"__symbolic":"property","decorators":[{"__symbolic":"call","expression":{"__symbolic":"reference","module":"@angular/core","name":"HostBinding"},"arguments":["style.maxWidth.px"]}]}],"width":[{"__symbolic":"property","decorators":[{"__symbolic":"call","expression":{"__symbolic":"reference","module":"@angular/core","name":"HostBinding"},"arguments":["style.width.px"]}]}],"calcSortDir":[{"__symbolic":"method"}],"onSort":[{"__symbolic":"method"}],"calcSortClass":[{"__symbolic":"method"}]}}}}]