{"summaries":[{"symbol":{"__symbol":0},"metadata":{"__symbolic":"class"},"type":{"summaryKind":1,"type":{"reference":{"__symbol":0},"diDeps":[],"lifecycleHooks":[]},"isComponent":true,"selector":"datatable-header","inputs":{"sortAscendingIcon":"sortAscendingIcon","sortDescendingIcon":"sortDescendingIcon","scrollbarH":"scrollbarH","innerWidth":"innerWidth","offsetX":"offsetX","sorts":"sorts","sortType":"sortType","allRowsSelected":"allRowsSelected","selectionType":"selectionType","reorderable":"reorderable","minFilterLength":"minFilterLength","headerHeight":"headerHeight","columns":"columns"},"outputs":{"sort":"sort","reorder":"reorder","resize":"resize","select":"select","filter":"filter"},"hostListeners":{},"hostProperties":{"style.height":"headerHeight","style.width":"headerWidth"},"hostAttributes":{"class":"datatable-header"},"providers":[],"viewProviders":[],"queries":[],"entryComponents":[],"changeDetection":1,"template":{"animations":[],"ngContentSelectors":[],"encapsulation":2}}}],"symbols":[{"__symbol":0,"name":"DataTableHeaderComponent","filePath":"D:/dev/ngx-datatable/build/components/header/header.component.d.ts"}]}