{"summaries":[{"symbol":{"__symbol":0},"metadata":{"__symbolic":"class"},"type":{"summaryKind":1,"type":{"reference":{"__symbol":0},"diDeps":[],"lifecycleHooks":[0]},"isComponent":true,"selector":"datatable-header-cell-filter","inputs":{"column":"column","allRowsSelected":"allRowsSelected","selectionType":"selectionType","headerHeight":"headerHeight","minFilterLength":"minFilterLength"},"outputs":{"filter":"filter","select":"select"},"hostListeners":{},"hostProperties":{"style.height.px":"headerHeight","class":"columnCssClasses","attr.title":"name","style.minWidth.px":"minWidth","style.maxWidth.px":"maxWidth","style.width.px":"width"},"hostAttributes":{},"providers":[],"viewProviders":[],"queries":[],"entryComponents":[],"changeDetection":1,"template":{"animations":[],"ngContentSelectors":[],"encapsulation":0}}}],"symbols":[{"__symbol":0,"name":"DataTableHeaderCellFilterComponent","filePath":"D:/dev/ngx-datatable/build/components/header/header-cell-filter.component.d.ts"}]}