{"summaries":[{"symbol":{"__symbol":0},"metadata":{"__symbol":1}},{"symbol":{"__symbol":2},"metadata":{"__symbol":3}},{"symbol":{"__symbol":4},"metadata":{"__symbol":5}}],"symbols":[{"__symbol":0,"name":"DataTableHeaderComponent","filePath":"D:/dev/ngx-datatable/build/components/header/index.d.ts"},{"__symbol":1,"name":"DataTableHeaderComponent","filePath":"D:/dev/ngx-datatable/build/components/header/header.component.d.ts"},{"__symbol":2,"name":"DataTableHeaderCellComponent","filePath":"D:/dev/ngx-datatable/build/components/header/index.d.ts"},{"__symbol":3,"name":"DataTableHeaderCellComponent","filePath":"D:/dev/ngx-datatable/build/components/header/header-cell.component.d.ts"},{"__symbol":4,"name":"DataTableHeaderCellFilterComponent","filePath":"D:/dev/ngx-datatable/build/components/header/index.d.ts"},{"__symbol":5,"name":"DataTableHeaderCellFilterComponent","filePath":"D:/dev/ngx-datatable/build/components/header/header-cell-filter.component.d.ts"}]}