[{"__symbolic":"module","version":3,"metadata":{"DataTableBodyRowComponent":{"__symbolic":"class","decorators":[{"__symbolic":"call","expression":{"__symbolic":"reference","module":"@angular/core","name":"Component"},"arguments":[{"selector":"datatable-body-row","template":"\n    <div\n      *ngFor=\"let colGroup of columnsByPin; let i = index; trackBy: trackByGroups\"\n      class=\"datatable-row-{{colGroup.type}} datatable-row-group\"\n      [ngStyle]=\"stylesByGroup(colGroup.type)\">\n      <datatable-body-cell\n        *ngFor=\"let column of colGroup.columns; let ii = index; trackBy: columnTrackingFn\"\n        tabindex=\"-1\"\n        [row]=\"row\"\n        [isSelected]=\"isSelected\"\n        [column]=\"column\"\n        [rowHeight]=\"rowHeight\"\n        (activate)=\"onActivate($event, ii)\">\n      </datatable-body-cell>\n    </div>\n  ","host":{"class":"datatable-body-row"}}]}],"members":{"columns":[{"__symbolic":"property","decorators":[{"__symbolic":"call","expression":{"__symbolic":"reference","module":"@angular/core","name":"Input"}}]}],"innerWidth":[{"__symbolic":"property","decorators":[{"__symbolic":"call","expression":{"__symbolic":"reference","module":"@angular/core","name":"Input"}}]}],"row":[{"__symbolic":"property","decorators":[{"__symbolic":"call","expression":{"__symbolic":"reference","module":"@angular/core","name":"Input"}}]}],"offsetX":[{"__symbolic":"property","decorators":[{"__symbolic":"call","expression":{"__symbolic":"reference","module":"@angular/core","name":"Input"}}]}],"rowHeight":[{"__symbolic":"property","decorators":[{"__symbolic":"call","expression":{"__symbolic":"reference","module":"@angular/core","name":"HostBinding"},"arguments":["style.height.px"]},{"__symbolic":"call","expression":{"__symbolic":"reference","module":"@angular/core","name":"Input"}}]}],"isSelected":[{"__symbolic":"property","decorators":[{"__symbolic":"call","expression":{"__symbolic":"reference","module":"@angular/core","name":"HostBinding"},"arguments":["class.active"]},{"__symbolic":"call","expression":{"__symbolic":"reference","module":"@angular/core","name":"Input"}}]}],"isEvenRow":[{"__symbolic":"property","decorators":[{"__symbolic":"call","expression":{"__symbolic":"reference","module":"@angular/core","name":"HostBinding"},"arguments":["class.datatable-row-even"]}]}],"isOddRow":[{"__symbolic":"property","decorators":[{"__symbolic":"call","expression":{"__symbolic":"reference","module":"@angular/core","name":"HostBinding"},"arguments":["class.datatable-row-odd"]}]}],"columnsTotalWidths":[{"__symbolic":"property","decorators":[{"__symbolic":"call","expression":{"__symbolic":"reference","module":"@angular/core","name":"HostBinding"},"arguments":["style.width.px"]}]}],"activate":[{"__symbolic":"property","decorators":[{"__symbolic":"call","expression":{"__symbolic":"reference","module":"@angular/core","name":"Output"}}]}],"__ctor__":[{"__symbolic":"constructor","parameters":[{"__symbolic":"reference","module":"@angular/core","name":"ElementRef"}]}],"trackByGroups":[{"__symbolic":"method"}],"columnTrackingFn":[{"__symbolic":"method"}],"stylesByGroup":[{"__symbolic":"method"}],"onActivate":[{"__symbolic":"method"}],"onKeyDown":[{"__symbolic":"method","decorators":[{"__symbolic":"call","expression":{"__symbolic":"reference","module":"@angular/core","name":"HostListener"},"arguments":["keydown",["$event"]]}]}],"recalculateColumns":[{"__symbolic":"method"}]}}}},{"__symbolic":"module","version":1,"metadata":{"DataTableBodyRowComponent":{"__symbolic":"class","decorators":[{"__symbolic":"call","expression":{"__symbolic":"reference","module":"@angular/core","name":"Component"},"arguments":[{"selector":"datatable-body-row","template":"\n    <div\n      *ngFor=\"let colGroup of columnsByPin; let i = index; trackBy: trackByGroups\"\n      class=\"datatable-row-{{colGroup.type}} datatable-row-group\"\n      [ngStyle]=\"stylesByGroup(colGroup.type)\">\n      <datatable-body-cell\n        *ngFor=\"let column of colGroup.columns; let ii = index; trackBy: columnTrackingFn\"\n        tabindex=\"-1\"\n        [row]=\"row\"\n        [isSelected]=\"isSelected\"\n        [column]=\"column\"\n        [rowHeight]=\"rowHeight\"\n        (activate)=\"onActivate($event, ii)\">\n      </datatable-body-cell>\n    </div>\n  ","host":{"class":"datatable-body-row"}}]}],"members":{"columns":[{"__symbolic":"property","decorators":[{"__symbolic":"call","expression":{"__symbolic":"reference","module":"@angular/core","name":"Input"}}]}],"innerWidth":[{"__symbolic":"property","decorators":[{"__symbolic":"call","expression":{"__symbolic":"reference","module":"@angular/core","name":"Input"}}]}],"row":[{"__symbolic":"property","decorators":[{"__symbolic":"call","expression":{"__symbolic":"reference","module":"@angular/core","name":"Input"}}]}],"offsetX":[{"__symbolic":"property","decorators":[{"__symbolic":"call","expression":{"__symbolic":"reference","module":"@angular/core","name":"Input"}}]}],"rowHeight":[{"__symbolic":"property","decorators":[{"__symbolic":"call","expression":{"__symbolic":"reference","module":"@angular/core","name":"HostBinding"},"arguments":["style.height.px"]},{"__symbolic":"call","expression":{"__symbolic":"reference","module":"@angular/core","name":"Input"}}]}],"isSelected":[{"__symbolic":"property","decorators":[{"__symbolic":"call","expression":{"__symbolic":"reference","module":"@angular/core","name":"HostBinding"},"arguments":["class.active"]},{"__symbolic":"call","expression":{"__symbolic":"reference","module":"@angular/core","name":"Input"}}]}],"isEvenRow":[{"__symbolic":"property","decorators":[{"__symbolic":"call","expression":{"__symbolic":"reference","module":"@angular/core","name":"HostBinding"},"arguments":["class.datatable-row-even"]}]}],"isOddRow":[{"__symbolic":"property","decorators":[{"__symbolic":"call","expression":{"__symbolic":"reference","module":"@angular/core","name":"HostBinding"},"arguments":["class.datatable-row-odd"]}]}],"columnsTotalWidths":[{"__symbolic":"property","decorators":[{"__symbolic":"call","expression":{"__symbolic":"reference","module":"@angular/core","name":"HostBinding"},"arguments":["style.width.px"]}]}],"activate":[{"__symbolic":"property","decorators":[{"__symbolic":"call","expression":{"__symbolic":"reference","module":"@angular/core","name":"Output"}}]}],"__ctor__":[{"__symbolic":"constructor","parameters":[{"__symbolic":"reference","module":"@angular/core","name":"ElementRef"}]}],"trackByGroups":[{"__symbolic":"method"}],"columnTrackingFn":[{"__symbolic":"method"}],"stylesByGroup":[{"__symbolic":"method"}],"onActivate":[{"__symbolic":"method"}],"onKeyDown":[{"__symbolic":"method","decorators":[{"__symbolic":"call","expression":{"__symbolic":"reference","module":"@angular/core","name":"HostListener"},"arguments":["keydown",["$event"]]}]}],"recalculateColumns":[{"__symbolic":"method"}]}}}}]