{"summaries":[{"symbol":{"__symbol":0},"metadata":{"__symbolic":"class"},"type":{"summaryKind":1,"type":{"reference":{"__symbol":0},"diDeps":[],"lifecycleHooks":[0,1]},"isComponent":true,"selector":"datatable-body","inputs":{"scrollbarV":"scrollbarV","scrollbarH":"scrollbarH","loadingIndicator":"loadingIndicator","rowHeight":"rowHeight","offsetX":"offsetX","emptyMessage":"emptyMessage","selectionType":"selectionType","selected":"selected","rowIdentity":"rowIdentity","rowDetail":"rowDetail","selectCheck":"selectCheck","trackByProp":"trackByProp","pageSize":"pageSize","rows":"rows","columns":"columns","offset":"offset","rowCount":"rowCount","innerWidth":"innerWidth","bodyHeight":"bodyHeight"},"outputs":{"scroll":"scroll","page":"page","activate":"activate","select":"select","detailToggle":"detailToggle","rowContextmenu":"rowContextmenu"},"hostListeners":{},"hostProperties":{"style.width":"bodyWidth","style.height":"bodyHeight"},"hostAttributes":{"class":"datatable-body"},"providers":[],"viewProviders":[],"queries":[],"entryComponents":[],"changeDetection":1,"template":{"animations":[],"ngContentSelectors":[],"encapsulation":2}}}],"symbols":[{"__symbol":0,"name":"DataTableBodyComponent","filePath":"D:/dev/ngx-datatable/build/components/body/body.component.d.ts"}]}