{"summaries":[{"symbol":{"__symbol":0},"metadata":{"__symbolic":"class"},"type":{"summaryKind":1,"type":{"reference":{"__symbol":0},"diDeps":[{"isAttribute":false,"isHost":false,"isSelf":false,"isSkipSelf":false,"isOptional":false,"token":{"identifier":{"reference":{"__symbol":1}}}}],"lifecycleHooks":[]},"isComponent":true,"selector":"datatable-body-row","inputs":{"columns":"columns","innerWidth":"innerWidth","row":"row","offsetX":"offsetX","rowHeight":"rowHeight","isSelected":"isSelected"},"outputs":{"activate":"activate"},"hostListeners":{"keydown":"onKeyDown($event)"},"hostProperties":{"style.height.px":"rowHeight","class.active":"isSelected","class.datatable-row-even":"isEvenRow","class.datatable-row-odd":"isOddRow","style.width.px":"columnsTotalWidths"},"hostAttributes":{"class":"datatable-body-row"},"providers":[],"viewProviders":[],"queries":[],"entryComponents":[],"changeDetection":1,"template":{"animations":[],"ngContentSelectors":[],"encapsulation":2}}}],"symbols":[{"__symbol":0,"name":"DataTableBodyRowComponent","filePath":"D:/dev/ngx-datatable/build/components/body/body-row.component.d.ts"},{"__symbol":1,"name":"ElementRef","filePath":"D:/dev/ngx-datatable/node_modules/@angular/core/src/linker/element_ref.d.ts"}]}