[{"__symbolic":"module","version":3,"metadata":{"DataTableRowWrapperComponent":{"__symbolic":"class","decorators":[{"__symbolic":"call","expression":{"__symbolic":"reference","module":"@angular/core","name":"Component"},"arguments":[{"selector":"datatable-row-wrapper","template":"\n    <ng-content></ng-content>\n    <div \n      *ngIf=\"expanded\"\n      [style.height.px]=\"detailRowHeight\" \n      class=\"datatable-row-detail\">\n      <template\n        *ngIf=\"rowDetail && rowDetail.template\"\n        [ngTemplateOutlet]=\"rowDetail.template\"\n        [ngOutletContext]=\"{ row: row }\">\n      </template>\n    </div>\n  ","host":{"class":"datatable-row-wrapper"}}]}],"members":{"rowDetail":[{"__symbolic":"property","decorators":[{"__symbolic":"call","expression":{"__symbolic":"reference","module":"@angular/core","name":"Input"}}]}],"detailRowHeight":[{"__symbolic":"property","decorators":[{"__symbolic":"call","expression":{"__symbolic":"reference","module":"@angular/core","name":"Input"}}]}],"expanded":[{"__symbolic":"property","decorators":[{"__symbolic":"call","expression":{"__symbolic":"reference","module":"@angular/core","name":"Input"}}]}],"row":[{"__symbolic":"property","decorators":[{"__symbolic":"call","expression":{"__symbolic":"reference","module":"@angular/core","name":"Input"}}]}],"rowContextmenu":[{"__symbolic":"property","decorators":[{"__symbolic":"call","expression":{"__symbolic":"reference","module":"@angular/core","name":"Output"}}]}],"onContextmenu":[{"__symbolic":"method","decorators":[{"__symbolic":"call","expression":{"__symbolic":"reference","module":"@angular/core","name":"HostListener"},"arguments":["contextmenu",["$event"]]}]}]}}}},{"__symbolic":"module","version":1,"metadata":{"DataTableRowWrapperComponent":{"__symbolic":"class","decorators":[{"__symbolic":"call","expression":{"__symbolic":"reference","module":"@angular/core","name":"Component"},"arguments":[{"selector":"datatable-row-wrapper","template":"\n    <ng-content></ng-content>\n    <div \n      *ngIf=\"expanded\"\n      [style.height.px]=\"detailRowHeight\" \n      class=\"datatable-row-detail\">\n      <template\n        *ngIf=\"rowDetail && rowDetail.template\"\n        [ngTemplateOutlet]=\"rowDetail.template\"\n        [ngOutletContext]=\"{ row: row }\">\n      </template>\n    </div>\n  ","host":{"class":"datatable-row-wrapper"}}]}],"members":{"rowDetail":[{"__symbolic":"property","decorators":[{"__symbolic":"call","expression":{"__symbolic":"reference","module":"@angular/core","name":"Input"}}]}],"detailRowHeight":[{"__symbolic":"property","decorators":[{"__symbolic":"call","expression":{"__symbolic":"reference","module":"@angular/core","name":"Input"}}]}],"expanded":[{"__symbolic":"property","decorators":[{"__symbolic":"call","expression":{"__symbolic":"reference","module":"@angular/core","name":"Input"}}]}],"row":[{"__symbolic":"property","decorators":[{"__symbolic":"call","expression":{"__symbolic":"reference","module":"@angular/core","name":"Input"}}]}],"rowContextmenu":[{"__symbolic":"property","decorators":[{"__symbolic":"call","expression":{"__symbolic":"reference","module":"@angular/core","name":"Output"}}]}],"onContextmenu":[{"__symbolic":"method","decorators":[{"__symbolic":"call","expression":{"__symbolic":"reference","module":"@angular/core","name":"HostListener"},"arguments":["contextmenu",["$event"]]}]}]}}}}]