{"summaries":[{"symbol":{"__symbol":0},"metadata":{"__symbolic":"class"},"type":{"summaryKind":1,"type":{"reference":{"__symbol":0},"diDeps":[{"isAttribute":false,"isHost":false,"isSelf":false,"isSkipSelf":false,"isOptional":false,"token":{"identifier":{"reference":{"__symbol":1}}}}],"lifecycleHooks":[]},"isComponent":true,"selector":"datatable-body-cell","inputs":{"row":"row","column":"column","rowHeight":"rowHeight","isSelected":"isSelected","sorts":"sorts"},"outputs":{"activate":"activate"},"hostListeners":{"focus":"onFocus()","blur":"onBlur()","click":"onClick($event)","dblclick":"onDblClick($event)","keydown":"onKeyDown($event)"},"hostProperties":{"class":"columnCssClasses","class.active":"isFocused","class.sort-active":"isSortActive","class.sort-asc":"isSortAscending","class.sort-desc":"isSortDescending","style.width.px":"width","style.height":"height"},"hostAttributes":{"class":"datatable-body-cell"},"providers":[],"viewProviders":[],"queries":[],"entryComponents":[],"changeDetection":1,"template":{"animations":[],"ngContentSelectors":[],"encapsulation":2}}}],"symbols":[{"__symbol":0,"name":"DataTableBodyCellComponent","filePath":"D:/dev/ngx-datatable/build/components/body/body-cell.component.d.ts"},{"__symbol":1,"name":"ElementRef","filePath":"D:/dev/ngx-datatable/node_modules/@angular/core/src/linker/element_ref.d.ts"}]}