{"summaries":[{"symbol":{"__symbol":0},"metadata":{"__symbolic":"class"},"type":{"summaryKind":1,"type":{"reference":{"__symbol":0},"diDeps":[],"lifecycleHooks":[]},"isComponent":true,"selector":"datatable-row-wrapper","inputs":{"rowDetail":"rowDetail","detailRowHeight":"detailRowHeight","expanded":"expanded","row":"row"},"outputs":{"rowContextmenu":"rowContextmenu"},"hostListeners":{"contextmenu":"onContextmenu($event)"},"hostProperties":{},"hostAttributes":{"class":"datatable-row-wrapper"},"providers":[],"viewProviders":[],"queries":[],"entryComponents":[],"changeDetection":1,"template":{"animations":[],"ngContentSelectors":["*"],"encapsulation":2}}}],"symbols":[{"__symbol":0,"name":"DataTableRowWrapperComponent","filePath":"D:/dev/ngx-datatable/build/components/body/body-row-wrapper.component.d.ts"}]}