{"summaries":[{"symbol":{"__symbol":0},"metadata":{"__symbol":1}},{"symbol":{"__symbol":2},"metadata":{"__symbol":3}},{"symbol":{"__symbol":4},"metadata":{"__symbol":5}},{"symbol":{"__symbol":6},"metadata":{"__symbol":7}},{"symbol":{"__symbol":8},"metadata":{"__symbol":9}},{"symbol":{"__symbol":10},"metadata":{"__symbol":11}},{"symbol":{"__symbol":12},"metadata":{"__symbol":13}}],"symbols":[{"__symbol":0,"name":"DataTableBodyComponent","filePath":"D:/dev/ngx-datatable/build/components/body/index.d.ts"},{"__symbol":1,"name":"DataTableBodyComponent","filePath":"D:/dev/ngx-datatable/build/components/body/body.component.d.ts"},{"__symbol":2,"name":"DataTableBodyCellComponent","filePath":"D:/dev/ngx-datatable/build/components/body/index.d.ts"},{"__symbol":3,"name":"DataTableBodyCellComponent","filePath":"D:/dev/ngx-datatable/build/components/body/body-cell.component.d.ts"},{"__symbol":4,"name":"DataTableBodyRowComponent","filePath":"D:/dev/ngx-datatable/build/components/body/index.d.ts"},{"__symbol":5,"name":"DataTableBodyRowComponent","filePath":"D:/dev/ngx-datatable/build/components/body/body-row.component.d.ts"},{"__symbol":6,"name":"ProgressBarComponent","filePath":"D:/dev/ngx-datatable/build/components/body/index.d.ts"},{"__symbol":7,"name":"ProgressBarComponent","filePath":"D:/dev/ngx-datatable/build/components/body/progress-bar.component.d.ts"},{"__symbol":8,"name":"ScrollerComponent","filePath":"D:/dev/ngx-datatable/build/components/body/index.d.ts"},{"__symbol":9,"name":"ScrollerComponent","filePath":"D:/dev/ngx-datatable/build/components/body/scroller.component.d.ts"},{"__symbol":10,"name":"DataTableRowWrapperComponent","filePath":"D:/dev/ngx-datatable/build/components/body/index.d.ts"},{"__symbol":11,"name":"DataTableRowWrapperComponent","filePath":"D:/dev/ngx-datatable/build/components/body/body-row-wrapper.component.d.ts"},{"__symbol":12,"name":"DataTableSelectionComponent","filePath":"D:/dev/ngx-datatable/build/components/body/index.d.ts"},{"__symbol":13,"name":"DataTableSelectionComponent","filePath":"D:/dev/ngx-datatable/build/components/body/selection.component.d.ts"}]}