{"summaries":[{"symbol":{"__symbol":0},"metadata":{"__symbolic":"class"},"type":{"summaryKind":1,"type":{"reference":{"__symbol":0},"diDeps":[{"isAttribute":false,"isHost":false,"isSelf":false,"isSkipSelf":false,"isOptional":false,"token":{"identifier":{"reference":{"__symbol":1}}}},{"isAttribute":false,"isHost":false,"isSelf":false,"isSkipSelf":false,"isOptional":false,"token":{"identifier":{"reference":{"__symbol":2}}}}],"lifecycleHooks":[0,1]},"isComponent":true,"selector":"datatable-scroller","inputs":{"scrollbarV":"scrollbarV","scrollbarH":"scrollbarH","scrollHeight":"scrollHeight","scrollWidth":"scrollWidth"},"outputs":{"scroll":"scroll"},"hostListeners":{},"hostProperties":{"style.height.px":"scrollHeight","style.width.px":"scrollWidth"},"hostAttributes":{"class":"datatable-scroll"},"providers":[],"viewProviders":[],"queries":[],"entryComponents":[],"changeDetection":1,"template":{"animations":[],"ngContentSelectors":["*"],"encapsulation":2}}}],"symbols":[{"__symbol":0,"name":"ScrollerComponent","filePath":"D:/dev/ngx-datatable/build/components/body/scroller.component.d.ts"},{"__symbol":1,"name":"ElementRef","filePath":"D:/dev/ngx-datatable/node_modules/@angular/core/src/linker/element_ref.d.ts"},{"__symbol":2,"name":"Renderer","filePath":"D:/dev/ngx-datatable/node_modules/@angular/core/src/render/api.d.ts"}]}