{"summaries":[{"symbol":{"__symbol":0},"metadata":{"__symbolic":"class"},"type":{"summaryKind":1,"type":{"reference":{"__symbol":0},"diDeps":[],"lifecycleHooks":[]},"isComponent":true,"selector":"datatable-selection","inputs":{"rows":"rows","selected":"selected","selectEnabled":"selectEnabled","selectionType":"selectionType","rowIdentity":"rowIdentity","selectCheck":"selectCheck"},"outputs":{"activate":"activate","select":"select"},"hostListeners":{},"hostProperties":{},"hostAttributes":{},"providers":[],"viewProviders":[],"queries":[],"entryComponents":[],"changeDetection":1,"template":{"animations":[],"ngContentSelectors":["*"],"encapsulation":2}}}],"symbols":[{"__symbol":0,"name":"DataTableSelectionComponent","filePath":"D:/dev/ngx-datatable/build/components/body/selection.component.d.ts"}]}