[{"__symbolic":"module","version":3,"metadata":{"DataTableSelectionComponent":{"__symbolic":"class","decorators":[{"__symbolic":"call","expression":{"__symbolic":"reference","module":"@angular/core","name":"Component"},"arguments":[{"selector":"datatable-selection","template":"\n    <ng-content></ng-content>\n  "}]}],"members":{"rows":[{"__symbolic":"property","decorators":[{"__symbolic":"call","expression":{"__symbolic":"reference","module":"@angular/core","name":"Input"}}]}],"selected":[{"__symbolic":"property","decorators":[{"__symbolic":"call","expression":{"__symbolic":"reference","module":"@angular/core","name":"Input"}}]}],"selectEnabled":[{"__symbolic":"property","decorators":[{"__symbolic":"call","expression":{"__symbolic":"reference","module":"@angular/core","name":"Input"}}]}],"selectionType":[{"__symbolic":"property","decorators":[{"__symbolic":"call","expression":{"__symbolic":"reference","module":"@angular/core","name":"Input"}}]}],"rowIdentity":[{"__symbolic":"property","decorators":[{"__symbolic":"call","expression":{"__symbolic":"reference","module":"@angular/core","name":"Input"}}]}],"selectCheck":[{"__symbolic":"property","decorators":[{"__symbolic":"call","expression":{"__symbolic":"reference","module":"@angular/core","name":"Input"}}]}],"activate":[{"__symbolic":"property","decorators":[{"__symbolic":"call","expression":{"__symbolic":"reference","module":"@angular/core","name":"Output"}}]}],"select":[{"__symbolic":"property","decorators":[{"__symbolic":"call","expression":{"__symbolic":"reference","module":"@angular/core","name":"Output"}}]}],"selectRow":[{"__symbolic":"method"}],"onActivate":[{"__symbolic":"method"}],"onKeyboardFocus":[{"__symbolic":"method"}],"focusRow":[{"__symbolic":"method"}],"getPrevNextRow":[{"__symbolic":"method"}],"focusCell":[{"__symbolic":"method"}],"getRowSelected":[{"__symbolic":"method"}],"getRowSelectedIdx":[{"__symbolic":"method"}]}}}},{"__symbolic":"module","version":1,"metadata":{"DataTableSelectionComponent":{"__symbolic":"class","decorators":[{"__symbolic":"call","expression":{"__symbolic":"reference","module":"@angular/core","name":"Component"},"arguments":[{"selector":"datatable-selection","template":"\n    <ng-content></ng-content>\n  "}]}],"members":{"rows":[{"__symbolic":"property","decorators":[{"__symbolic":"call","expression":{"__symbolic":"reference","module":"@angular/core","name":"Input"}}]}],"selected":[{"__symbolic":"property","decorators":[{"__symbolic":"call","expression":{"__symbolic":"reference","module":"@angular/core","name":"Input"}}]}],"selectEnabled":[{"__symbolic":"property","decorators":[{"__symbolic":"call","expression":{"__symbolic":"reference","module":"@angular/core","name":"Input"}}]}],"selectionType":[{"__symbolic":"property","decorators":[{"__symbolic":"call","expression":{"__symbolic":"reference","module":"@angular/core","name":"Input"}}]}],"rowIdentity":[{"__symbolic":"property","decorators":[{"__symbolic":"call","expression":{"__symbolic":"reference","module":"@angular/core","name":"Input"}}]}],"selectCheck":[{"__symbolic":"property","decorators":[{"__symbolic":"call","expression":{"__symbolic":"reference","module":"@angular/core","name":"Input"}}]}],"activate":[{"__symbolic":"property","decorators":[{"__symbolic":"call","expression":{"__symbolic":"reference","module":"@angular/core","name":"Output"}}]}],"select":[{"__symbolic":"property","decorators":[{"__symbolic":"call","expression":{"__symbolic":"reference","module":"@angular/core","name":"Output"}}]}],"selectRow":[{"__symbolic":"method"}],"onActivate":[{"__symbolic":"method"}],"onKeyboardFocus":[{"__symbolic":"method"}],"focusRow":[{"__symbolic":"method"}],"getPrevNextRow":[{"__symbolic":"method"}],"focusCell":[{"__symbolic":"method"}],"getRowSelected":[{"__symbolic":"method"}],"getRowSelectedIdx":[{"__symbolic":"method"}]}}}}]