[{"__symbolic":"module","version":3,"metadata":{"DataTableFooterComponent":{"__symbolic":"class","decorators":[{"__symbolic":"call","expression":{"__symbolic":"reference","module":"@angular/core","name":"Component"},"arguments":[{"selector":"datatable-footer","template":"\n    <div\n      [ngClass]=\"{'selected-count': selectedMessage}\"\n      [style.height.px]=\"footerHeight\">\n      <div class=\"page-count\">\n        Showing {{firstItemNumber.toLocaleString()}} - {{lastItemNumber.toLocaleString()}} of  {{rowCount.toLocaleString()}}\n      </div>\n      <datatable-pager\n        [pagerLeftArrowIcon]=\"pagerLeftArrowIcon\"\n        [pagerRightArrowIcon]=\"pagerRightArrowIcon\"\n        [pagerPreviousIcon]=\"pagerPreviousIcon\"\n        [pagerNextIcon]=\"pagerNextIcon\"\n        [page]=\"curPage\"\n        [size]=\"pageSize\"\n        [count]=\"rowCount\"\n        [hidden]=\"!isVisible\"\n        (change)=\"page.emit($event)\">\n      </datatable-pager>\n    </div>\n  ","host":{"class":"datatable-footer"},"changeDetection":{"__symbolic":"select","expression":{"__symbolic":"reference","module":"@angular/core","name":"ChangeDetectionStrategy"},"member":"OnPush"}}]}],"members":{"footerHeight":[{"__symbolic":"property","decorators":[{"__symbolic":"call","expression":{"__symbolic":"reference","module":"@angular/core","name":"Input"}}]}],"rowCount":[{"__symbolic":"property","decorators":[{"__symbolic":"call","expression":{"__symbolic":"reference","module":"@angular/core","name":"Input"}}]}],"pageSize":[{"__symbolic":"property","decorators":[{"__symbolic":"call","expression":{"__symbolic":"reference","module":"@angular/core","name":"Input"}}]}],"offset":[{"__symbolic":"property","decorators":[{"__symbolic":"call","expression":{"__symbolic":"reference","module":"@angular/core","name":"Input"}}]}],"pagerLeftArrowIcon":[{"__symbolic":"property","decorators":[{"__symbolic":"call","expression":{"__symbolic":"reference","module":"@angular/core","name":"Input"}}]}],"pagerRightArrowIcon":[{"__symbolic":"property","decorators":[{"__symbolic":"call","expression":{"__symbolic":"reference","module":"@angular/core","name":"Input"}}]}],"pagerPreviousIcon":[{"__symbolic":"property","decorators":[{"__symbolic":"call","expression":{"__symbolic":"reference","module":"@angular/core","name":"Input"}}]}],"pagerNextIcon":[{"__symbolic":"property","decorators":[{"__symbolic":"call","expression":{"__symbolic":"reference","module":"@angular/core","name":"Input"}}]}],"totalMessage":[{"__symbolic":"property","decorators":[{"__symbolic":"call","expression":{"__symbolic":"reference","module":"@angular/core","name":"Input"}}]}],"selectedCount":[{"__symbolic":"property","decorators":[{"__symbolic":"call","expression":{"__symbolic":"reference","module":"@angular/core","name":"Input"}}]}],"selectedMessage":[{"__symbolic":"property","decorators":[{"__symbolic":"call","expression":{"__symbolic":"reference","module":"@angular/core","name":"Input"}}]}],"page":[{"__symbolic":"property","decorators":[{"__symbolic":"call","expression":{"__symbolic":"reference","module":"@angular/core","name":"Output"}}]}]}}}},{"__symbolic":"module","version":1,"metadata":{"DataTableFooterComponent":{"__symbolic":"class","decorators":[{"__symbolic":"call","expression":{"__symbolic":"reference","module":"@angular/core","name":"Component"},"arguments":[{"selector":"datatable-footer","template":"\n    <div\n      [ngClass]=\"{'selected-count': selectedMessage}\"\n      [style.height.px]=\"footerHeight\">\n      <div class=\"page-count\">\n        Showing {{firstItemNumber.toLocaleString()}} - {{lastItemNumber.toLocaleString()}} of  {{rowCount.toLocaleString()}}\n      </div>\n      <datatable-pager\n        [pagerLeftArrowIcon]=\"pagerLeftArrowIcon\"\n        [pagerRightArrowIcon]=\"pagerRightArrowIcon\"\n        [pagerPreviousIcon]=\"pagerPreviousIcon\"\n        [pagerNextIcon]=\"pagerNextIcon\"\n        [page]=\"curPage\"\n        [size]=\"pageSize\"\n        [count]=\"rowCount\"\n        [hidden]=\"!isVisible\"\n        (change)=\"page.emit($event)\">\n      </datatable-pager>\n    </div>\n  ","host":{"class":"datatable-footer"},"changeDetection":{"__symbolic":"select","expression":{"__symbolic":"reference","module":"@angular/core","name":"ChangeDetectionStrategy"},"member":"OnPush"}}]}],"members":{"footerHeight":[{"__symbolic":"property","decorators":[{"__symbolic":"call","expression":{"__symbolic":"reference","module":"@angular/core","name":"Input"}}]}],"rowCount":[{"__symbolic":"property","decorators":[{"__symbolic":"call","expression":{"__symbolic":"reference","module":"@angular/core","name":"Input"}}]}],"pageSize":[{"__symbolic":"property","decorators":[{"__symbolic":"call","expression":{"__symbolic":"reference","module":"@angular/core","name":"Input"}}]}],"offset":[{"__symbolic":"property","decorators":[{"__symbolic":"call","expression":{"__symbolic":"reference","module":"@angular/core","name":"Input"}}]}],"pagerLeftArrowIcon":[{"__symbolic":"property","decorators":[{"__symbolic":"call","expression":{"__symbolic":"reference","module":"@angular/core","name":"Input"}}]}],"pagerRightArrowIcon":[{"__symbolic":"property","decorators":[{"__symbolic":"call","expression":{"__symbolic":"reference","module":"@angular/core","name":"Input"}}]}],"pagerPreviousIcon":[{"__symbolic":"property","decorators":[{"__symbolic":"call","expression":{"__symbolic":"reference","module":"@angular/core","name":"Input"}}]}],"pagerNextIcon":[{"__symbolic":"property","decorators":[{"__symbolic":"call","expression":{"__symbolic":"reference","module":"@angular/core","name":"Input"}}]}],"totalMessage":[{"__symbolic":"property","decorators":[{"__symbolic":"call","expression":{"__symbolic":"reference","module":"@angular/core","name":"Input"}}]}],"selectedCount":[{"__symbolic":"property","decorators":[{"__symbolic":"call","expression":{"__symbolic":"reference","module":"@angular/core","name":"Input"}}]}],"selectedMessage":[{"__symbolic":"property","decorators":[{"__symbolic":"call","expression":{"__symbolic":"reference","module":"@angular/core","name":"Input"}}]}],"page":[{"__symbolic":"property","decorators":[{"__symbolic":"call","expression":{"__symbolic":"reference","module":"@angular/core","name":"Output"}}]}]}}}}]