{"summaries":[{"symbol":{"__symbol":0},"metadata":{"__symbolic":"class"},"type":{"summaryKind":1,"type":{"reference":{"__symbol":0},"diDeps":[],"lifecycleHooks":[]},"isComponent":true,"selector":"datatable-footer","inputs":{"footerHeight":"footerHeight","rowCount":"rowCount","pageSize":"pageSize","offset":"offset","pagerLeftArrowIcon":"pagerLeftArrowIcon","pagerRightArrowIcon":"pagerRightArrowIcon","pagerPreviousIcon":"pagerPreviousIcon","pagerNextIcon":"pagerNextIcon","totalMessage":"totalMessage","selectedCount":"selectedCount","selectedMessage":"selectedMessage"},"outputs":{"page":"page"},"hostListeners":{},"hostProperties":{},"hostAttributes":{"class":"datatable-footer"},"providers":[],"viewProviders":[],"queries":[],"entryComponents":[],"changeDetection":0,"template":{"animations":[],"ngContentSelectors":[],"encapsulation":2}}}],"symbols":[{"__symbol":0,"name":"DataTableFooterComponent","filePath":"D:/dev/ngx-datatable/build/components/footer/footer.component.d.ts"}]}