{"summaries":[{"symbol":{"__symbol":0},"metadata":{"__symbol":1}},{"symbol":{"__symbol":2},"metadata":{"__symbol":3}}],"symbols":[{"__symbol":0,"name":"DataTableFooterComponent","filePath":"D:/dev/ngx-datatable/build/components/footer/index.d.ts"},{"__symbol":1,"name":"DataTableFooterComponent","filePath":"D:/dev/ngx-datatable/build/components/footer/footer.component.d.ts"},{"__symbol":2,"name":"DataTablePagerComponent","filePath":"D:/dev/ngx-datatable/build/components/footer/index.d.ts"},{"__symbol":3,"name":"DataTablePagerComponent","filePath":"D:/dev/ngx-datatable/build/components/footer/pager.component.d.ts"}]}