{"summaries":[{"symbol":{"__symbol":0},"metadata":{"__symbolic":"class"},"type":{"summaryKind":1,"type":{"reference":{"__symbol":0},"diDeps":[],"lifecycleHooks":[]},"isComponent":true,"selector":"datatable-pager","inputs":{"pagerLeftArrowIcon":"pagerLeftArrowIcon","pagerRightArrowIcon":"pagerRightArrowIcon","pagerPreviousIcon":"pagerPreviousIcon","pagerNextIcon":"pagerNextIcon","size":"size","count":"count","page":"page"},"outputs":{"change":"change"},"hostListeners":{},"hostProperties":{},"hostAttributes":{"class":"datatable-pager"},"providers":[],"viewProviders":[],"queries":[],"entryComponents":[],"changeDetection":0,"template":{"animations":[],"ngContentSelectors":[],"encapsulation":2}}}],"symbols":[{"__symbol":0,"name":"DataTablePagerComponent","filePath":"D:/dev/ngx-datatable/build/components/footer/pager.component.d.ts"}]}